image_name,xmin,xmax,ymin,ymax,class_id
25_aug_14.jpg,18,28,21,34,2
25_aug_14.jpg,29,39,21,34,5
99_aug_183.jpg,9,20,15,28,9
99_aug_183.jpg,20,31,15,28,9
1010_aug_1372.jpg,8,20,15,28,10
1010_aug_1372.jpg,21,33,15,28,10
71_aug_120.jpg,10,21,23,36,7
71_aug_120.jpg,21,32,23,36,1
1010_aug_1472.jpg,11,24,15,30,10
1010_aug_1472.jpg,24,37,15,30,10
57_aug_1787.jpg,16,26,22,36,5
57_aug_1787.jpg,26,36,22,36,7
1010_aug_1580.jpg,8,20,22,37,10
1010_aug_1580.jpg,19,31,22,37,10
1010_aug_1663.jpg,15,26,18,32,10
1010_aug_1663.jpg,26,37,18,32,10
98_aug_1232.jpg,8,19,16,29,9
98_aug_1232.jpg,19,30,16,29,8
31_aug_1894.jpg,16,27,22,36,3
31_aug_1894.jpg,26,37,22,36,1
86_aug_845.jpg,13,26,17,29,8
86_aug_845.jpg,26,39,17,29,6
71_aug_798.jpg,16,26,20,35,7
71_aug_798.jpg,26,36,20,35,1
1010_aug_298.jpg,13,25,21,35,10
1010_aug_298.jpg,25,37,21,35,10
107_aug_768.jpg,10,22,15,29,10
107_aug_768.jpg,22,34,15,29,7
1010_aug_627.jpg,11,23,18,31,10
1010_aug_627.jpg,23,35,18,31,10
31_aug_11.jpg,9,20,21,33,3
31_aug_11.jpg,19,30,21,33,1
33_aug_1054.jpg,17,28,16,28,3
33_aug_1054.jpg,28,39,16,28,3
101_aug_1377.jpg,13,24,14,28,10
101_aug_1377.jpg,23,34,14,28,1
71_aug_1328.jpg,12,23,15,30,7
71_aug_1328.jpg,23,34,15,30,1
29_aug_1077.jpg,13,24,21,35,2
29_aug_1077.jpg,25,36,21,35,9
101_aug_1579.jpg,11,23,18,31,10
101_aug_1579.jpg,22,34,18,31,1
101_aug_25.jpg,12,25,22,37,10
101_aug_25.jpg,24,37,22,37,1
101_aug_293.jpg,17,29,22,37,10
101_aug_293.jpg,28,40,22,37,1
75_aug_1866.jpg,8,19,20,33,7
75_aug_1866.jpg,20,31,20,33,5
101_aug_659.jpg,16,29,15,30,10
101_aug_659.jpg,28,41,15,30,1
101_aug_70.jpg,11,23,17,30,10
101_aug_70.jpg,21,33,17,30,1
106_aug_12.jpg,11,23,22,37,10
106_aug_12.jpg,24,36,22,37,6
101_aug_749.jpg,14,26,15,29,10
101_aug_749.jpg,24,36,15,29,1
101_aug_960.jpg,15,28,13,27,10
101_aug_960.jpg,26,39,13,27,1
51_aug_1272.jpg,10,21,22,34,5
51_aug_1272.jpg,20,31,22,34,1
58_aug_637.jpg,18,28,23,36,5
58_aug_637.jpg,27,37,23,36,8
102_aug_13.jpg,16,29,18,33,10
102_aug_13.jpg,28,41,18,33,2
32_aug_1718.jpg,12,23,22,35,3
32_aug_1718.jpg,23,34,22,35,2
102_aug_1468.jpg,14,26,18,31,10
102_aug_1468.jpg,26,38,18,31,2
52_aug_196.jpg,17,27,15,29,5
52_aug_196.jpg,28,38,15,29,2
38_aug_1016.jpg,12,23,16,29,3
38_aug_1016.jpg,23,34,16,29,8
83_aug_32.jpg,10,23,15,29,8
83_aug_32.jpg,23,36,15,29,3
99_aug_382.jpg,6,19,23,35,9
99_aug_382.jpg,19,32,23,35,9
102_aug_369.jpg,17,29,15,30,10
102_aug_369.jpg,29,41,15,30,2
95_aug_536.jpg,9,20,20,33,9
95_aug_536.jpg,20,30,20,33,5
102_aug_461.jpg,9,20,14,27,10
102_aug_461.jpg,21,32,14,27,2
102_aug_523.jpg,11,23,20,34,10
102_aug_523.jpg,23,35,20,34,2
102_aug_72.jpg,15,28,16,30,10
102_aug_72.jpg,28,41,16,30,2
69_aug_1376.jpg,16,26,17,30,6
69_aug_1376.jpg,27,37,17,30,9
103_aug_1093.jpg,14,25,16,30,10
103_aug_1093.jpg,25,36,16,30,3
31_aug_118.jpg,10,23,23,37,3
31_aug_118.jpg,22,35,23,37,1
310_aug_1941.jpg,16,28,13,26,3
310_aug_1941.jpg,27,39,13,26,10
103_aug_1202.jpg,12,24,16,29,10
103_aug_1202.jpg,23,35,16,29,3
33_aug_604.jpg,12,23,16,28,3
33_aug_604.jpg,23,34,16,28,3
54_aug_1533.jpg,11,22,15,28,5
54_aug_1533.jpg,21,32,15,28,4
103_aug_1618.jpg,12,24,21,34,10
103_aug_1618.jpg,24,36,21,34,3
23_aug_858.jpg,18,29,17,31,2
23_aug_858.jpg,30,41,17,31,3
210_aug_758.jpg,12,24,19,33,2
210_aug_758.jpg,25,37,19,33,10
77_aug_716.jpg,13,25,23,36,7
77_aug_716.jpg,25,37,23,36,7
510_aug_306.jpg,10,20,18,30,5
510_aug_306.jpg,20,30,18,30,10
103_aug_611.jpg,15,27,17,30,10
103_aug_611.jpg,28,40,17,30,3
103_aug_660.jpg,6,19,20,33,10
103_aug_660.jpg,19,32,20,33,3
37_aug_1442.jpg,14,26,21,34,3
37_aug_1442.jpg,26,38,21,34,7
25_aug_1317.jpg,17,27,19,33,2
25_aug_1317.jpg,27,37,19,33,5
51_aug_77.jpg,20,29,19,32,5
51_aug_77.jpg,29,38,19,32,1
103_aug_927.jpg,10,22,16,31,10
103_aug_927.jpg,21,33,16,31,3
103_aug_959.jpg,11,24,19,32,10
103_aug_959.jpg,24,37,19,32,3
71_aug_8.jpg,8,20,14,29,7
71_aug_8.jpg,19,31,14,29,1
67_aug_1700.jpg,10,21,20,32,6
67_aug_1700.jpg,20,31,20,32,7
8_aug_1839.jpg,17,29,19,33,8
88_aug_247.jpg,7,19,19,31,8
88_aug_247.jpg,19,31,19,31,8
104_aug_162.jpg,16,28,15,29,10
104_aug_162.jpg,28,40,15,29,4
55_aug_524.jpg,13,23,16,29,5
55_aug_524.jpg,23,32,16,29,5
104_aug_1649.jpg,14,27,19,34,10
104_aug_1649.jpg,27,40,19,34,4
47_aug_1256.jpg,8,21,16,30,4
47_aug_1256.jpg,21,34,16,30,7
104_aug_1991.jpg,15,28,14,28,10
104_aug_1991.jpg,28,41,14,28,4
52_aug_1871.jpg,11,22,15,27,5
52_aug_1871.jpg,22,33,15,27,2
1010_aug_148.jpg,13,25,18,33,10
1010_aug_148.jpg,25,37,18,33,10
56_aug_1485.jpg,17,28,21,33,5
56_aug_1485.jpg,28,39,21,33,6
37_aug_1743.jpg,12,23,16,29,3
37_aug_1743.jpg,23,34,16,29,7
57_aug_511.jpg,19,28,17,29,5
57_aug_511.jpg,29,38,17,29,7
84_aug_222.jpg,10,22,16,29,8
84_aug_222.jpg,22,34,16,29,4
48_aug_932.jpg,16,28,14,28,4
48_aug_932.jpg,28,40,14,28,8
9_aug_816.jpg,15,28,16,30,9
105_aug_1373.jpg,16,28,18,31,10
105_aug_1373.jpg,28,39,18,31,5
105_aug_1416.jpg,9,20,14,27,10
105_aug_1416.jpg,20,31,14,27,5
710_aug_1072.jpg,12,23,17,31,7
710_aug_1072.jpg,24,35,17,31,10
105_aug_1458.jpg,10,22,17,32,10
105_aug_1458.jpg,22,33,17,32,5
104_aug_1029.jpg,17,28,21,34,10
104_aug_1029.jpg,28,39,21,34,4
27_aug_634.jpg,9,19,14,28,2
27_aug_634.jpg,19,29,14,28,7
105_aug_1613.jpg,11,23,20,33,10
105_aug_1613.jpg,23,34,20,33,5
105_aug_1762.jpg,14,26,16,31,10
105_aug_1762.jpg,26,37,16,31,5
37_aug_188.jpg,17,29,18,32,3
37_aug_188.jpg,29,41,18,32,7
95_aug_589.jpg,14,27,17,31,9
95_aug_589.jpg,27,39,17,31,5
62_aug_818.jpg,10,21,18,30,6
62_aug_818.jpg,21,32,18,30,2
105_aug_263.jpg,14,26,13,28,10
105_aug_263.jpg,27,38,13,28,5
76_aug_1369.jpg,8,20,18,33,7
76_aug_1369.jpg,19,31,18,33,6
32_aug_1081.jpg,6,19,19,33,3
32_aug_1081.jpg,19,32,19,33,2
25_aug_111.jpg,9,20,23,37,2
25_aug_111.jpg,20,31,23,37,5
105_aug_540.jpg,13,25,17,30,10
105_aug_540.jpg,25,36,17,30,5
510_aug_1846.jpg,11,20,14,28,5
510_aug_1846.jpg,20,29,14,28,10
27_aug_1702.jpg,15,26,13,27,2
27_aug_1702.jpg,25,36,13,27,7
31_aug_209.jpg,16,28,18,30,3
31_aug_209.jpg,27,39,18,30,1
19_aug_91.jpg,20,29,17,29,1
19_aug_91.jpg,30,39,17,29,9
106_aug_147.jpg,17,28,16,31,10
106_aug_147.jpg,29,40,16,31,6
106_aug_1506.jpg,14,27,18,32,10
106_aug_1506.jpg,26,39,18,32,6
106_aug_1621.jpg,8,20,23,37,10
106_aug_1621.jpg,20,32,23,37,6
106_aug_1634.jpg,9,21,19,34,10
106_aug_1634.jpg,21,33,19,34,6
64_aug_246.jpg,14,25,13,27,6
64_aug_246.jpg,26,37,13,27,4
66_aug_951.jpg,11,21,21,33,6
66_aug_951.jpg,21,31,21,33,6
81_aug_809.jpg,8,21,18,31,8
81_aug_809.jpg,20,33,18,31,1
106_aug_198.jpg,8,20,15,28,10
106_aug_198.jpg,20,32,15,28,6
106_aug_684.jpg,9,20,18,32,10
106_aug_684.jpg,20,31,18,32,6
106_aug_308.jpg,14,26,18,33,10
106_aug_308.jpg,26,38,18,33,6
25_aug_917.jpg,8,20,15,30,2
25_aug_917.jpg,20,32,15,30,5
106_aug_67.jpg,8,21,20,35,10
106_aug_67.jpg,20,33,20,35,6
33_aug_1050.jpg,13,25,20,34,3
33_aug_1050.jpg,25,37,20,34,3
78_aug_1944.jpg,14,26,20,35,7
78_aug_1944.jpg,27,39,20,35,8
25_aug_1363.jpg,10,21,21,36,2
25_aug_1363.jpg,21,32,21,36,5
106_aug_787.jpg,10,21,22,37,10
106_aug_787.jpg,21,32,22,37,6
62_aug_1758.jpg,12,23,19,32,6
62_aug_1758.jpg,23,34,19,32,2
93_aug_435.jpg,10,22,15,28,9
93_aug_435.jpg,22,34,15,28,3
106_aug_908.jpg,16,28,16,30,10
106_aug_908.jpg,28,40,16,30,6
107_aug_104.jpg,8,21,23,36,10
107_aug_104.jpg,21,34,23,36,7
107_aug_1417.jpg,15,26,17,31,10
107_aug_1417.jpg,26,37,17,31,7
56_aug_384.jpg,18,29,21,35,5
56_aug_384.jpg,29,40,21,35,6
11_aug_129.jpg,12,21,14,27,1
11_aug_129.jpg,20,29,14,27,1
21_aug_1801.jpg,8,20,20,34,2
21_aug_1801.jpg,20,32,20,34,1
32_aug_248.jpg,14,25,14,28,3
32_aug_248.jpg,25,36,14,28,2
35_aug_1128.jpg,13,25,20,34,3
35_aug_1128.jpg,25,36,20,34,5
107_aug_439.jpg,11,24,19,32,10
107_aug_439.jpg,24,37,19,32,7
24_aug_1556.jpg,12,22,14,29,2
24_aug_1556.jpg,23,33,14,29,4
79_aug_1126.jpg,11,21,15,29,7
79_aug_1126.jpg,22,32,15,29,9
107_aug_736.jpg,13,25,14,27,10
107_aug_736.jpg,26,38,14,27,7
107_aug_745.jpg,11,23,15,28,10
107_aug_745.jpg,23,35,15,28,7
104_aug_1264.jpg,11,22,21,35,10
104_aug_1264.jpg,22,33,21,35,4
22_aug_178.jpg,17,28,19,32,2
22_aug_178.jpg,28,39,19,32,2
107_aug_837.jpg,14,26,23,36,10
107_aug_837.jpg,27,39,23,36,7
107_aug_904.jpg,9,20,22,36,10
107_aug_904.jpg,20,31,22,36,7
108_aug_1119.jpg,10,23,17,30,10
108_aug_1119.jpg,22,35,17,30,8
68_aug_1851.jpg,9,21,22,36,6
68_aug_1851.jpg,21,33,22,36,8
108_aug_139.jpg,12,25,13,27,10
108_aug_139.jpg,25,38,13,27,8
44_aug_724.jpg,16,28,19,33,4
44_aug_724.jpg,28,40,19,33,4
3_aug_1390.jpg,16,29,21,33,3
25_aug_157.jpg,9,21,23,36,2
25_aug_157.jpg,21,33,23,36,5
18_aug_204.jpg,17,26,20,33,1
18_aug_204.jpg,26,35,20,33,8
108_aug_182.jpg,12,23,15,29,10
108_aug_182.jpg,23,34,15,29,8
108_aug_397.jpg,10,23,14,28,10
108_aug_397.jpg,23,36,14,28,8
108_aug_597.jpg,16,28,23,36,10
108_aug_597.jpg,28,40,23,36,8
108_aug_726.jpg,16,29,13,28,10
108_aug_726.jpg,29,42,13,28,8
108_aug_867.jpg,14,26,22,37,10
108_aug_867.jpg,25,37,22,37,8
1010_aug_1342.jpg,8,21,17,30,10
1010_aug_1342.jpg,21,34,17,30,10
72_aug_1538.jpg,17,27,20,33,7
72_aug_1538.jpg,27,37,20,33,2
63_aug_1276.jpg,8,20,17,29,6
63_aug_1276.jpg,21,33,17,29,3
109_aug_1581.jpg,11,24,17,31,10
109_aug_1581.jpg,24,37,17,31,9
101_aug_303.jpg,10,21,17,30,10
101_aug_303.jpg,20,31,17,30,1
109_aug_1942.jpg,18,29,14,29,10
109_aug_1942.jpg,29,40,14,29,9
62_aug_358.jpg,9,20,19,32,6
62_aug_358.jpg,20,31,19,32,2
109_aug_1995.jpg,10,23,16,31,10
109_aug_1995.jpg,23,36,16,31,9
109_aug_26.jpg,8,20,20,33,10
109_aug_26.jpg,21,33,20,33,9
109_aug_752.jpg,11,23,17,30,10
109_aug_752.jpg,23,35,17,30,9
64_aug_108.jpg,19,29,15,29,6
64_aug_108.jpg,30,40,15,29,4
10_aug_1039.jpg,15,27,18,32,10
18_aug_257.jpg,12,20,23,36,1
18_aug_257.jpg,21,29,23,36,8
210_aug_1572.jpg,11,21,14,29,2
210_aug_1572.jpg,22,32,14,29,10
210_aug_731.jpg,13,24,20,33,2
210_aug_731.jpg,25,36,20,33,10
10_aug_1536.jpg,17,28,13,27,10
36_aug_1051.jpg,13,26,22,34,3
36_aug_1051.jpg,25,38,22,34,6
10_aug_1576.jpg,22,35,13,28,10
10_aug_1585.jpg,20,33,21,34,10
68_aug_815.jpg,8,20,23,36,6
68_aug_815.jpg,22,34,23,36,8
10_aug_1736.jpg,21,33,22,36,10
85_aug_1428.jpg,10,22,22,35,8
85_aug_1428.jpg,22,33,22,35,5
97_aug_544.jpg,10,23,16,30,9
97_aug_544.jpg,23,36,16,30,7
88_aug_357.jpg,16,28,13,26,8
88_aug_357.jpg,28,40,13,26,8
10_aug_36.jpg,23,35,15,29,10
73_aug_1127.jpg,9,20,18,31,7
73_aug_1127.jpg,21,32,18,31,3
74_aug_289.jpg,16,27,14,28,7
74_aug_289.jpg,29,40,14,28,4
47_aug_1807.jpg,11,24,18,32,4
47_aug_1807.jpg,24,37,18,32,7
10_aug_974.jpg,19,32,22,37,10
810_aug_208.jpg,10,22,21,35,8
810_aug_208.jpg,23,35,21,35,10
58_aug_1110.jpg,13,23,14,27,5
58_aug_1110.jpg,23,33,14,27,8
110_aug_1109.jpg,11,21,16,29,1
110_aug_1109.jpg,22,32,16,29,10
97_aug_415.jpg,12,23,17,31,9
97_aug_415.jpg,23,34,17,31,7
17_aug_284.jpg,14,23,22,35,1
17_aug_284.jpg,23,32,22,35,7
110_aug_1366.jpg,13,23,18,30,1
110_aug_1366.jpg,24,34,18,30,10
47_aug_981.jpg,11,22,22,34,4
47_aug_981.jpg,22,33,22,34,7
3_aug_1432.jpg,24,35,14,26,3
9_aug_50.jpg,23,35,18,30,9
110_aug_580.jpg,13,22,13,27,1
110_aug_580.jpg,23,32,13,27,10
82_aug_546.jpg,10,21,14,26,8
82_aug_546.jpg,21,32,14,26,2
11_aug_1160.jpg,16,26,18,32,1
11_aug_1160.jpg,26,36,18,32,1
11_aug_1162.jpg,19,29,17,30,1
11_aug_1162.jpg,29,39,17,30,1
91_aug_1752.jpg,8,20,24,36,9
91_aug_1752.jpg,19,31,24,36,1
11_aug_1181.jpg,17,27,15,27,1
11_aug_1181.jpg,27,37,15,27,1
11_aug_1261.jpg,19,28,13,27,1
11_aug_1261.jpg,28,37,13,27,1
107_aug_1680.jpg,14,26,20,33,10
107_aug_1680.jpg,26,38,20,33,7
11_aug_131.jpg,17,26,15,29,1
11_aug_131.jpg,27,36,15,29,1
78_aug_658.jpg,9,21,20,33,7
78_aug_658.jpg,22,34,20,33,8
41_aug_1325.jpg,7,20,15,28,4
41_aug_1325.jpg,18,31,15,28,1
11_aug_1685.jpg,14,22,22,34,1
11_aug_1685.jpg,22,30,22,34,1
11_aug_1746.jpg,19,28,22,36,1
11_aug_1746.jpg,28,37,22,36,1
104_aug_830.jpg,13,25,14,29,10
104_aug_830.jpg,24,36,14,29,4
85_aug_57.jpg,10,23,20,32,8
85_aug_57.jpg,23,35,20,32,5
55_aug_312.jpg,19,29,15,29,5
55_aug_312.jpg,29,38,15,29,5
11_aug_28.jpg,19,28,23,35,1
11_aug_28.jpg,28,37,23,35,1
1010_aug_1679.jpg,8,20,19,33,10
1010_aug_1679.jpg,20,32,19,33,10
11_aug_895.jpg,17,26,19,33,1
11_aug_895.jpg,25,34,19,33,1
11_aug_931.jpg,12,20,12,26,1
11_aug_931.jpg,20,28,12,26,1
12_aug_1079.jpg,16,25,23,36,1
12_aug_1079.jpg,24,33,23,36,2
14_aug_171.jpg,21,30,19,33,1
14_aug_171.jpg,31,40,19,33,4
47_aug_1778.jpg,10,21,17,30,4
47_aug_1778.jpg,21,32,17,30,7
12_aug_1502.jpg,16,26,21,35,1
12_aug_1502.jpg,25,35,21,35,2
41_aug_1684.jpg,12,24,19,31,4
41_aug_1684.jpg,22,34,19,31,1
6_aug_1141.jpg,22,32,18,32,6
410_aug_1286.jpg,11,24,17,30,4
410_aug_1286.jpg,24,37,17,30,10
61_aug_1069.jpg,11,22,21,34,6
61_aug_1069.jpg,22,33,21,34,1
12_aug_1816.jpg,11,20,20,34,1
12_aug_1816.jpg,20,29,20,34,2
12_aug_1845.jpg,16,25,21,35,1
12_aug_1845.jpg,24,33,21,35,2
58_aug_79.jpg,19,30,14,26,5
58_aug_79.jpg,30,41,14,26,8
12_aug_1934.jpg,17,26,19,31,1
12_aug_1934.jpg,27,36,19,31,2
12_aug_252.jpg,14,23,15,27,1
12_aug_252.jpg,24,33,15,27,2
93_aug_510.jpg,16,28,18,32,9
93_aug_510.jpg,28,40,18,32,3
410_aug_750.jpg,16,28,19,31,4
410_aug_750.jpg,27,39,19,31,10
75_aug_593.jpg,14,25,15,29,7
75_aug_593.jpg,25,36,15,29,5
88_aug_444.jpg,11,23,17,29,8
88_aug_444.jpg,23,35,17,29,8
89_aug_1456.jpg,14,26,18,32,8
89_aug_1456.jpg,26,38,18,32,9
58_aug_1042.jpg,13,24,19,32,5
58_aug_1042.jpg,24,35,19,32,8
53_aug_332.jpg,15,25,16,29,5
53_aug_332.jpg,24,34,16,29,3
47_aug_1461.jpg,13,25,22,35,4
47_aug_1461.jpg,24,36,22,35,7
17_aug_1057.jpg,10,20,22,35,1
17_aug_1057.jpg,20,30,22,35,7
13_aug_1496.jpg,13,22,21,35,1
13_aug_1496.jpg,23,32,21,35,3
13_aug_1659.jpg,18,27,21,34,1
13_aug_1659.jpg,28,37,21,34,3
44_aug_1514.jpg,13,26,17,31,4
44_aug_1514.jpg,26,39,17,31,4
71_aug_1776.jpg,12,22,23,36,7
71_aug_1776.jpg,22,32,23,36,1
13_aug_1854.jpg,19,27,19,32,1
13_aug_1854.jpg,29,37,19,32,3
75_aug_1571.jpg,12,24,17,30,7
75_aug_1571.jpg,24,36,17,30,5
75_aug_925.jpg,11,21,17,32,7
75_aug_925.jpg,21,31,17,32,5
83_aug_1498.jpg,15,26,18,31,8
83_aug_1498.jpg,26,37,18,31,3
81_aug_892.jpg,13,24,22,35,8
81_aug_892.jpg,23,34,22,35,1
13_aug_438.jpg,17,25,14,28,1
13_aug_438.jpg,27,35,14,28,3
29_aug_405.jpg,14,26,21,35,2
29_aug_405.jpg,27,39,21,35,9
110_aug_404.jpg,17,27,16,30,1
110_aug_404.jpg,28,38,16,30,10
102_aug_1950.jpg,9,21,18,31,10
102_aug_1950.jpg,21,33,18,31,2
102_aug_878.jpg,15,26,16,30,10
102_aug_878.jpg,26,37,16,30,2
410_aug_869.jpg,13,24,19,31,4
410_aug_869.jpg,24,35,19,31,10
73_aug_800.jpg,13,24,15,28,7
73_aug_800.jpg,25,36,15,28,3
35_aug_454.jpg,8,19,19,32,3
35_aug_454.jpg,19,29,19,32,5
14_aug_1813.jpg,11,20,19,32,1
14_aug_1813.jpg,21,30,19,32,4
1_aug_1511.jpg,21,31,15,28,1
14_aug_1983.jpg,13,22,18,32,1
14_aug_1983.jpg,23,32,18,32,4
37_aug_733.jpg,15,27,21,33,3
37_aug_733.jpg,28,40,21,33,7
14_aug_207.jpg,20,29,15,29,1
14_aug_207.jpg,31,40,15,29,4
5_aug_174.jpg,23,33,19,31,5
14_aug_849.jpg,20,30,22,34,1
14_aug_849.jpg,31,41,22,34,4
310_aug_1842.jpg,10,22,22,35,3
310_aug_1842.jpg,22,34,22,35,10
15_aug_1365.jpg,13,23,15,27,1
15_aug_1365.jpg,23,33,15,27,5
62_aug_1410.jpg,17,29,19,31,6
62_aug_1410.jpg,29,41,19,31,2
89_aug_549.jpg,16,29,19,31,8
89_aug_549.jpg,29,42,19,31,9
15_aug_1749.jpg,21,29,22,34,1
15_aug_1749.jpg,29,37,22,34,5
15_aug_1893.jpg,12,21,15,29,1
15_aug_1893.jpg,21,30,15,29,5
15_aug_1966.jpg,16,25,18,30,1
15_aug_1966.jpg,26,35,18,30,5
15_aug_256.jpg,18,26,18,31,1
15_aug_256.jpg,27,35,18,31,5
5_aug_443.jpg,15,25,18,30,5
91_aug_1819.jpg,15,27,23,36,9
91_aug_1819.jpg,26,38,23,36,1
1_aug_805.jpg,22,31,17,29,1
36_aug_772.jpg,16,28,22,34,3
36_aug_772.jpg,28,40,22,34,6
24_aug_732.jpg,11,21,19,33,2
24_aug_732.jpg,21,31,19,33,4
16_aug_1196.jpg,20,30,15,28,1
16_aug_1196.jpg,29,39,15,28,6
16_aug_1544.jpg,14,23,15,28,1
16_aug_1544.jpg,23,32,15,28,6
16_aug_1594.jpg,11,20,16,29,1
16_aug_1594.jpg,21,30,16,29,6
74_aug_535.jpg,15,26,18,31,7
74_aug_535.jpg,27,38,18,31,4
37_aug_2.jpg,12,24,21,33,3
37_aug_2.jpg,24,36,21,33,7
16_aug_324.jpg,16,24,13,26,1
16_aug_324.jpg,24,32,13,26,6
16_aug_515.jpg,12,20,21,35,1
16_aug_515.jpg,20,28,21,35,6
69_aug_1756.jpg,16,27,15,29,6
69_aug_1756.jpg,28,39,15,29,9
67_aug_1156.jpg,15,26,19,33,6
67_aug_1156.jpg,26,37,19,33,7
104_aug_81.jpg,9,21,18,31,10
104_aug_81.jpg,21,33,18,31,4
3_aug_1525.jpg,18,30,17,29,3
17_aug_1504.jpg,14,22,17,29,1
17_aug_1504.jpg,22,30,17,29,7
17_aug_1559.jpg,13,22,16,28,1
17_aug_1559.jpg,22,31,16,28,7
17_aug_1865.jpg,11,20,22,35,1
17_aug_1865.jpg,20,29,22,35,7
24_aug_265.jpg,9,21,23,37,2
24_aug_265.jpg,22,34,23,37,4
35_aug_1327.jpg,10,21,20,32,3
35_aug_1327.jpg,21,31,20,32,5
17_aug_73.jpg,19,27,20,34,1
17_aug_73.jpg,28,36,20,34,7
26_aug_423.jpg,9,19,15,28,2
26_aug_423.jpg,19,29,15,28,6
103_aug_823.jpg,16,29,22,37,10
103_aug_823.jpg,28,41,22,37,3
108_aug_1557.jpg,10,23,17,31,10
108_aug_1557.jpg,22,35,17,31,8
26_aug_1103.jpg,15,26,16,31,2
26_aug_1103.jpg,26,37,16,31,6
26_aug_1404.jpg,18,28,13,28,2
26_aug_1404.jpg,28,38,13,28,6
76_aug_1207.jpg,9,19,16,30,7
76_aug_1207.jpg,20,30,16,30,6
23_aug_18.jpg,17,28,22,37,2
23_aug_18.jpg,30,41,22,37,3
93_aug_1277.jpg,9,22,19,33,9
93_aug_1277.jpg,22,35,19,33,3
91_aug_625.jpg,9,20,19,31,9
91_aug_625.jpg,19,30,19,31,1
101_aug_1563.jpg,15,26,16,31,10
101_aug_1563.jpg,26,37,16,31,1
14_aug_1336.jpg,17,26,21,35,1
14_aug_1336.jpg,27,36,21,35,4
14_aug_378.jpg,20,30,18,32,1
14_aug_378.jpg,31,41,18,32,4
10_aug_1406.jpg,20,32,21,36,10
26_aug_668.jpg,11,22,20,33,2
26_aug_668.jpg,23,34,20,33,6
19_aug_1253.jpg,11,20,16,29,1
19_aug_1253.jpg,22,31,16,29,9
19_aug_1304.jpg,14,22,22,35,1
19_aug_1304.jpg,23,31,22,35,9
56_aug_1204.jpg,19,29,16,30,5
56_aug_1204.jpg,30,40,16,30,6
19_aug_1353.jpg,12,20,22,36,1
19_aug_1353.jpg,21,29,22,36,9
41_aug_373.jpg,16,28,16,30,4
41_aug_373.jpg,27,39,16,30,1
19_aug_1542.jpg,14,22,14,28,1
19_aug_1542.jpg,23,31,14,28,9
85_aug_402.jpg,14,26,15,28,8
85_aug_402.jpg,26,37,15,28,5
27_aug_865.jpg,9,21,16,31,2
27_aug_865.jpg,21,33,16,31,7
19_aug_1916.jpg,21,30,19,33,1
19_aug_1916.jpg,31,40,19,33,9
104_aug_1723.jpg,9,21,18,33,10
104_aug_1723.jpg,21,33,18,33,4
81_aug_1661.jpg,7,19,19,32,8
81_aug_1661.jpg,18,30,19,32,1
610_aug_1192.jpg,12,22,16,28,6
610_aug_1192.jpg,23,33,16,28,10
19_aug_571.jpg,19,28,19,33,1
19_aug_571.jpg,29,38,19,33,9
10_aug_1070.jpg,14,26,20,33,10
98_aug_1665.jpg,17,28,22,34,9
98_aug_1665.jpg,28,39,22,34,8
27_aug_431.jpg,16,27,18,31,2
27_aug_431.jpg,27,38,18,31,7
29_aug_1296.jpg,15,27,16,30,2
29_aug_1296.jpg,27,39,16,30,9
910_aug_1519.jpg,16,29,24,36,9
910_aug_1519.jpg,29,42,24,36,10
710_aug_1867.jpg,11,22,14,29,7
710_aug_1867.jpg,22,33,14,29,10
51_aug_851.jpg,11,21,18,31,5
51_aug_851.jpg,20,30,18,31,1
1_aug_1882.jpg,23,32,16,29,1
9_aug_1101.jpg,23,35,15,27,9
15_aug_586.jpg,17,27,19,33,1
15_aug_586.jpg,27,37,19,33,5
1_aug_335.jpg,16,24,21,34,1
66_aug_1802.jpg,13,24,19,32,6
66_aug_1802.jpg,24,35,19,32,6
1_aug_370.jpg,17,27,15,29,1
49_aug_1100.jpg,15,27,16,30,4
49_aug_1100.jpg,26,38,16,30,9
98_aug_1190.jpg,10,23,15,28,9
98_aug_1190.jpg,23,36,15,28,8
1_aug_770.jpg,21,31,23,35,1
1_aug_1940.jpg,21,30,18,32,1
1_aug_955.jpg,24,32,21,35,1
39_aug_763.jpg,7,20,13,25,3
39_aug_763.jpg,20,33,13,25,9
15_aug_422.jpg,11,20,16,29,1
15_aug_422.jpg,20,29,16,29,5
32_aug_1669.jpg,17,28,19,33,3
32_aug_1669.jpg,28,39,19,33,2
210_aug_1258.jpg,13,24,16,30,2
210_aug_1258.jpg,24,35,16,30,10
210_aug_1501.jpg,19,29,13,28,2
210_aug_1501.jpg,29,39,13,28,10
410_aug_42.jpg,15,27,22,35,4
410_aug_42.jpg,27,39,22,35,10
210_aug_1611.jpg,9,20,18,33,2
210_aug_1611.jpg,22,33,18,33,10
210_aug_1612.jpg,10,22,22,37,2
210_aug_1612.jpg,23,35,22,37,10
210_aug_1911.jpg,17,28,21,34,2
210_aug_1911.jpg,29,40,21,34,10
25_aug_713.jpg,13,25,15,30,2
25_aug_713.jpg,25,37,15,30,5
99_aug_1067.jpg,9,20,16,30,9
99_aug_1067.jpg,21,32,16,30,9
210_aug_466.jpg,14,25,17,31,2
210_aug_466.jpg,26,37,17,31,10
3_aug_275.jpg,23,34,18,30,3
210_aug_727.jpg,8,20,15,30,2
210_aug_727.jpg,20,32,15,30,10
12_aug_1505.jpg,16,25,17,29,1
12_aug_1505.jpg,25,34,17,29,2
42_aug_273.jpg,8,20,17,30,4
42_aug_273.jpg,19,31,17,30,2
83_aug_1859.jpg,12,25,20,32,8
83_aug_1859.jpg,25,38,20,32,3
210_aug_970.jpg,15,26,18,32,2
210_aug_970.jpg,27,38,18,32,10
21_aug_1294.jpg,10,22,14,28,2
21_aug_1294.jpg,22,34,14,28,1
91_aug_347.jpg,14,27,14,26,9
91_aug_347.jpg,26,39,14,26,1
68_aug_1550.jpg,18,28,21,33,6
68_aug_1550.jpg,29,39,21,33,8
107_aug_1884.jpg,8,20,18,33,10
107_aug_1884.jpg,20,32,18,33,7
21_aug_225.jpg,15,26,19,34,2
21_aug_225.jpg,26,37,19,34,1
14_aug_1161.jpg,17,25,19,32,1
14_aug_1161.jpg,26,34,19,32,4
2_aug_648.jpg,17,27,19,32,2
12_aug_759.jpg,18,27,19,31,1
12_aug_759.jpg,27,36,19,31,2
22_aug_1112.jpg,14,24,21,35,2
22_aug_1112.jpg,24,34,21,35,2
22_aug_114.jpg,13,25,17,30,2
22_aug_114.jpg,24,36,17,30,2
47_aug_1759.jpg,15,26,17,31,4
47_aug_1759.jpg,26,37,17,31,7
22_aug_1817.jpg,18,28,20,33,2
22_aug_1817.jpg,28,38,20,33,2
22_aug_1886.jpg,14,25,19,33,2
22_aug_1886.jpg,24,35,19,33,2
79_aug_495.jpg,11,21,20,33,7
79_aug_495.jpg,22,32,20,33,9
22_aug_290.jpg,13,25,16,30,2
22_aug_290.jpg,25,37,16,30,2
32_aug_1470.jpg,15,27,21,34,3
32_aug_1470.jpg,27,39,21,34,2
22_aug_795.jpg,13,24,19,34,2
22_aug_795.jpg,24,35,19,34,2
27_aug_1741.jpg,16,26,22,36,2
27_aug_1741.jpg,26,36,22,36,7
22_aug_890.jpg,14,25,21,34,2
22_aug_890.jpg,26,37,21,34,2
22_aug_998.jpg,12,22,18,33,2
22_aug_998.jpg,23,33,18,33,2
61_aug_1978.jpg,15,25,14,28,6
61_aug_1978.jpg,25,35,14,28,1
6_aug_778.jpg,20,30,18,30,6
29_aug_172.jpg,9,19,17,31,2
29_aug_172.jpg,20,30,17,31,9
23_aug_156.jpg,11,23,18,32,2
23_aug_156.jpg,25,37,18,32,3
23_aug_1562.jpg,11,23,13,28,2
23_aug_1562.jpg,24,36,13,28,3
17_aug_272.jpg,19,28,13,27,1
17_aug_272.jpg,28,37,13,27,7
510_aug_1337.jpg,14,24,17,30,5
510_aug_1337.jpg,25,35,17,30,10
23_aug_1747.jpg,15,25,19,33,2
23_aug_1747.jpg,26,36,19,33,3
23_aug_1782.jpg,14,26,16,31,2
23_aug_1782.jpg,27,39,16,31,3
55_aug_1441.jpg,16,26,14,28,5
55_aug_1441.jpg,26,35,14,28,5
23_aug_1853.jpg,16,27,17,32,2
23_aug_1853.jpg,28,39,17,32,3
99_aug_127.jpg,11,24,21,34,9
99_aug_127.jpg,24,37,21,34,9
33_aug_692.jpg,11,23,16,30,3
33_aug_692.jpg,23,35,16,30,3
44_aug_1033.jpg,14,26,14,27,4
44_aug_1033.jpg,26,38,14,27,4
71_aug_176.jpg,13,25,16,29,7
71_aug_176.jpg,24,36,16,29,1
24_aug_1078.jpg,13,23,17,32,2
24_aug_1078.jpg,24,34,17,32,4
44_aug_1789.jpg,11,23,20,32,4
44_aug_1789.jpg,23,35,20,32,4
46_aug_991.jpg,8,21,21,35,4
46_aug_991.jpg,20,33,21,35,6
24_aug_1742.jpg,11,22,16,30,2
24_aug_1742.jpg,24,35,16,30,4
33_aug_450.jpg,9,20,15,28,3
33_aug_450.jpg,20,31,15,28,3
96_aug_989.jpg,8,21,21,34,9
96_aug_989.jpg,21,34,21,34,6
17_aug_1938.jpg,15,25,17,30,1
17_aug_1938.jpg,25,35,17,30,7
42_aug_1280.jpg,8,19,20,33,4
42_aug_1280.jpg,19,30,20,33,2
24_aug_313.jpg,11,22,21,36,2
24_aug_313.jpg,24,35,21,36,4
41_aug_94.jpg,8,20,21,33,4
41_aug_94.jpg,19,31,21,33,1
105_aug_1282.jpg,11,23,13,27,10
105_aug_1282.jpg,23,34,13,27,5
48_aug_1635.jpg,9,22,15,27,4
48_aug_1635.jpg,22,35,15,27,8
13_aug_1975.jpg,20,28,18,32,1
13_aug_1975.jpg,29,37,18,32,3
103_aug_872.jpg,8,20,17,32,10
103_aug_872.jpg,19,31,17,32,3
103_aug_1888.jpg,8,21,15,28,10
103_aug_1888.jpg,21,34,15,28,3
66_aug_738.jpg,11,21,19,32,6
66_aug_738.jpg,21,31,19,32,6
25_aug_1412.jpg,14,25,15,28,2
25_aug_1412.jpg,25,36,15,28,5
25_aug_1531.jpg,10,21,19,34,2
25_aug_1531.jpg,21,32,19,34,5
10_aug_1898.jpg,23,34,21,35,10
73_aug_1274.jpg,14,24,18,32,7
73_aug_1274.jpg,25,35,18,32,3
95_aug_414.jpg,16,28,22,35,9
95_aug_414.jpg,28,39,22,35,5
25_aug_87.jpg,8,20,18,33,2
25_aug_87.jpg,20,32,18,33,5
14_aug_1923.jpg,12,21,17,30,1
14_aug_1923.jpg,23,32,17,30,4
8_aug_1843.jpg,19,32,20,32,8
103_aug_520.jpg,13,25,19,33,10
103_aug_520.jpg,25,37,19,33,3
9_aug_893.jpg,23,34,23,35,9
46_aug_1391.jpg,17,28,22,34,4
46_aug_1391.jpg,28,39,22,34,6
26_aug_135.jpg,9,19,15,30,2
26_aug_135.jpg,19,29,15,30,6
26_aug_1387.jpg,14,26,16,30,2
26_aug_1387.jpg,26,38,16,30,6
810_aug_1849.jpg,8,21,16,28,8
810_aug_1849.jpg,21,34,16,28,10
26_aug_1453.jpg,10,22,22,36,2
26_aug_1453.jpg,21,33,22,36,6
26_aug_155.jpg,15,25,19,33,2
26_aug_155.jpg,26,36,19,33,6
26_aug_1605.jpg,11,21,18,33,2
26_aug_1605.jpg,22,32,18,33,6
63_aug_345.jpg,9,19,14,27,6
63_aug_345.jpg,20,30,14,27,3
105_aug_1890.jpg,10,22,23,37,10
105_aug_1890.jpg,22,33,23,37,5
26_aug_1803.jpg,11,22,15,29,2
26_aug_1803.jpg,22,33,15,29,6
33_aug_1222.jpg,10,21,21,34,3
33_aug_1222.jpg,21,32,21,34,3
10_aug_1303.jpg,22,35,22,37,10
26_aug_547.jpg,11,22,18,32,2
26_aug_547.jpg,22,33,18,32,6
65_aug_563.jpg,13,25,18,31,6
65_aug_563.jpg,25,37,18,31,5
26_aug_734.jpg,9,20,17,31,2
26_aug_734.jpg,19,30,17,31,6
42_aug_266.jpg,12,25,21,34,4
42_aug_266.jpg,25,38,21,34,2
27_aug_1046.jpg,17,28,21,35,2
27_aug_1046.jpg,28,39,21,35,7
27_aug_1356.jpg,16,28,23,36,2
27_aug_1356.jpg,28,40,23,36,7
27_aug_1381.jpg,8,20,14,29,2
27_aug_1381.jpg,20,32,14,29,7
27_aug_1627.jpg,16,28,16,31,2
27_aug_1627.jpg,28,40,16,31,7
94_aug_457.jpg,13,24,19,31,9
94_aug_457.jpg,24,35,19,31,4
19_aug_1766.jpg,21,30,21,33,1
19_aug_1766.jpg,31,40,21,33,9
610_aug_665.jpg,13,25,17,29,6
610_aug_665.jpg,26,38,17,29,10
27_aug_1887.jpg,17,29,20,35,2
27_aug_1887.jpg,28,40,20,35,7
99_aug_360.jpg,10,23,19,32,9
99_aug_360.jpg,23,36,19,32,9
27_aug_304.jpg,17,28,21,36,2
27_aug_304.jpg,28,39,21,36,7
53_aug_1583.jpg,14,23,18,31,5
53_aug_1583.jpg,23,32,18,31,3
1010_aug_594.jpg,16,29,19,34,10
1010_aug_594.jpg,28,41,19,34,10
105_aug_1546.jpg,8,20,16,31,10
105_aug_1546.jpg,21,32,16,31,5
74_aug_1098.jpg,15,25,18,31,7
74_aug_1098.jpg,26,36,18,31,4
27_aug_843.jpg,17,28,21,36,2
27_aug_843.jpg,28,39,21,36,7
19_aug_1808.jpg,20,29,16,29,1
19_aug_1808.jpg,30,39,16,29,9
35_aug_1763.jpg,15,27,17,29,3
35_aug_1763.jpg,27,38,17,29,5
28_aug_122.jpg,10,20,17,31,2
28_aug_122.jpg,21,31,17,31,8
88_aug_1315.jpg,13,25,16,28,8
88_aug_1315.jpg,25,37,16,28,8
28_aug_1324.jpg,14,24,19,34,2
28_aug_1324.jpg,26,36,19,34,8
101_aug_622.jpg,8,20,21,35,10
101_aug_622.jpg,19,31,21,35,1
28_aug_164.jpg,15,27,18,32,2
28_aug_164.jpg,28,40,18,32,8
31_aug_922.jpg,9,21,18,30,3
31_aug_922.jpg,20,32,18,30,1
101_aug_1517.jpg,9,20,14,27,10
101_aug_1517.jpg,19,30,14,27,1
29_aug_1096.jpg,13,23,18,33,2
29_aug_1096.jpg,24,34,18,33,9
13_aug_1593.jpg,14,22,13,27,1
13_aug_1593.jpg,23,31,13,27,3
96_aug_995.jpg,15,28,22,36,9
96_aug_995.jpg,27,40,22,36,6
31_aug_1560.jpg,13,25,17,30,3
31_aug_1560.jpg,24,36,17,30,1
62_aug_723.jpg,12,23,18,30,6
62_aug_723.jpg,23,34,18,30,2
28_aug_929.jpg,16,27,23,36,2
28_aug_929.jpg,28,39,23,36,8
58_aug_1436.jpg,14,24,13,27,5
58_aug_1436.jpg,24,34,13,27,8
85_aug_652.jpg,9,22,14,28,8
85_aug_652.jpg,22,34,14,28,5
72_aug_1608.jpg,10,22,19,32,7
72_aug_1608.jpg,22,34,19,32,2
101_aug_255.jpg,13,24,17,30,10
101_aug_255.jpg,24,35,17,30,1
22_aug_847.jpg,9,20,19,33,2
22_aug_847.jpg,20,31,19,33,2
18_aug_936.jpg,13,22,21,35,1
18_aug_936.jpg,23,32,21,35,8
29_aug_1838.jpg,12,24,23,36,2
29_aug_1838.jpg,25,37,23,36,9
49_aug_283.jpg,14,25,18,32,4
49_aug_283.jpg,26,37,18,32,9
29_aug_297.jpg,14,25,18,31,2
29_aug_297.jpg,25,36,18,31,9
710_aug_1388.jpg,11,23,16,30,7
710_aug_1388.jpg,24,36,16,30,10
29_aug_396.jpg,16,27,14,29,2
29_aug_396.jpg,28,39,14,29,9
29_aug_467.jpg,13,24,19,34,2
29_aug_467.jpg,26,37,19,34,9
29_aug_553.jpg,11,21,22,37,2
29_aug_553.jpg,23,33,22,37,9
38_aug_374.jpg,7,19,15,29,3
38_aug_374.jpg,19,31,15,29,8
29_aug_90.jpg,12,24,18,32,2
29_aug_90.jpg,25,37,18,32,9
49_aug_760.jpg,13,26,17,30,4
49_aug_760.jpg,26,39,17,30,9
2_aug_1013.jpg,21,31,15,28,2
110_aug_1206.jpg,18,26,16,29,1
110_aug_1206.jpg,27,35,16,29,10
9_aug_1402.jpg,15,26,22,35,9
107_aug_1989.jpg,9,21,19,33,10
107_aug_1989.jpg,22,34,19,33,7
94_aug_901.jpg,12,24,22,34,9
94_aug_901.jpg,25,37,22,34,4
63_aug_85.jpg,16,27,23,36,6
63_aug_85.jpg,28,39,23,36,3
2_aug_1806.jpg,15,27,18,32,2
43_aug_784.jpg,13,25,13,26,4
43_aug_784.jpg,26,38,13,26,3
107_aug_514.jpg,18,29,19,34,10
107_aug_514.jpg,29,40,19,34,7
25_aug_1785.jpg,17,28,23,37,2
25_aug_1785.jpg,28,39,23,37,5
87_aug_24.jpg,16,27,17,29,8
87_aug_24.jpg,27,38,17,29,7
2_aug_494.jpg,19,31,22,36,2
43_aug_0.jpg,15,27,21,33,4
43_aug_0.jpg,28,40,21,33,3
104_aug_1380.jpg,13,24,17,30,10
104_aug_1380.jpg,24,35,17,30,4
51_aug_1677.jpg,15,25,22,35,5
51_aug_1677.jpg,24,34,22,35,1
1_aug_1235.jpg,24,34,19,32,1
2_aug_693.jpg,22,32,22,36,2
87_aug_1480.jpg,13,25,15,28,8
87_aug_1480.jpg,25,37,15,28,7
310_aug_1421.jpg,8,21,18,32,3
310_aug_1421.jpg,21,34,18,32,10
71_aug_1908.jpg,12,22,20,33,7
71_aug_1908.jpg,23,33,20,33,1
101_aug_831.jpg,16,29,17,32,10
101_aug_831.jpg,28,41,17,32,1
69_aug_1693.jpg,13,24,19,31,6
69_aug_1693.jpg,25,36,19,31,9
310_aug_1614.jpg,11,24,18,31,3
310_aug_1614.jpg,24,37,18,31,10
310_aug_1657.jpg,17,28,20,32,3
310_aug_1657.jpg,28,39,20,32,10
45_aug_1368.jpg,10,21,22,35,4
45_aug_1368.jpg,21,31,22,35,5
49_aug_1707.jpg,9,21,16,29,4
49_aug_1707.jpg,21,33,16,29,9
310_aug_49.jpg,13,25,13,26,3
310_aug_49.jpg,25,37,13,26,10
92_aug_5.jpg,14,26,23,36,9
92_aug_5.jpg,26,38,23,36,2
310_aug_682.jpg,9,22,19,31,3
310_aug_682.jpg,22,35,19,31,10
310_aug_803.jpg,17,29,21,34,3
310_aug_803.jpg,29,41,21,34,10
310_aug_88.jpg,13,25,19,32,3
310_aug_88.jpg,25,37,19,32,10
310_aug_987.jpg,7,20,17,30,3
310_aug_987.jpg,19,32,17,30,10
2_aug_432.jpg,24,34,14,29,2
77_aug_870.jpg,17,28,14,28,7
77_aug_870.jpg,28,39,14,28,7
94_aug_612.jpg,15,28,14,28,9
94_aug_612.jpg,28,41,14,28,4
67_aug_413.jpg,10,20,13,26,6
67_aug_413.jpg,20,30,13,26,7
65_aug_251.jpg,10,22,13,27,6
65_aug_251.jpg,22,34,13,27,5
55_aug_55.jpg,16,25,18,31,5
55_aug_55.jpg,25,33,18,31,5
48_aug_1964.jpg,16,28,22,36,4
48_aug_1964.jpg,28,40,22,36,8
75_aug_1569.jpg,12,23,22,35,7
75_aug_1569.jpg,23,34,22,35,5
65_aug_1014.jpg,17,28,20,34,6
65_aug_1014.jpg,28,39,20,34,5
27_aug_201.jpg,10,21,15,29,2
27_aug_201.jpg,21,32,15,29,7
31_aug_587.jpg,9,20,21,34,3
31_aug_587.jpg,19,30,21,34,1
43_aug_1216.jpg,17,29,22,34,4
43_aug_1216.jpg,29,41,22,34,3
65_aug_270.jpg,15,26,14,28,6
65_aug_270.jpg,26,37,14,28,5
63_aug_1323.jpg,9,20,17,30,6
63_aug_1323.jpg,21,32,17,30,3
58_aug_419.jpg,19,29,13,26,5
58_aug_419.jpg,29,39,13,26,8
9_aug_1755.jpg,23,35,20,33,9
97_aug_322.jpg,13,25,23,35,9
97_aug_322.jpg,25,37,23,35,7
58_aug_1688.jpg,13,24,19,31,5
58_aug_1688.jpg,24,35,19,31,8
87_aug_119.jpg,14,25,23,36,8
87_aug_119.jpg,25,36,23,36,7
9_aug_1205.jpg,17,29,22,35,9
59_aug_1914.jpg,14,23,20,32,5
59_aug_1914.jpg,23,32,20,32,9
32_aug_334.jpg,9,20,20,34,3
32_aug_334.jpg,20,31,20,34,2
32_aug_633.jpg,13,26,17,30,3
32_aug_633.jpg,26,39,17,30,2
38_aug_676.jpg,9,20,14,26,3
38_aug_676.jpg,20,31,14,26,8
45_aug_1968.jpg,11,22,16,29,4
45_aug_1968.jpg,22,32,16,29,5
92_aug_609.jpg,12,24,15,28,9
92_aug_609.jpg,23,35,15,28,2
106_aug_301.jpg,16,27,22,36,10
106_aug_301.jpg,27,38,22,36,6
73_aug_1275.jpg,10,20,13,28,7
73_aug_1275.jpg,21,31,13,28,3
3_aug_522.jpg,24,35,16,28,3
33_aug_1457.jpg,15,26,20,34,3
33_aug_1457.jpg,25,36,20,34,3
54_aug_868.jpg,11,22,16,30,5
54_aug_868.jpg,22,33,16,30,4
1010_aug_1443.jpg,16,28,22,37,10
1010_aug_1443.jpg,28,40,22,37,10
67_aug_1475.jpg,18,29,23,35,6
67_aug_1475.jpg,29,40,23,35,7
11_aug_1831.jpg,11,20,16,29,1
11_aug_1831.jpg,20,29,16,29,1
34_aug_542.jpg,15,28,16,30,3
34_aug_542.jpg,27,40,16,30,4
28_aug_1510.jpg,10,22,13,26,2
28_aug_1510.jpg,23,35,13,26,8
103_aug_1545.jpg,16,27,16,30,10
103_aug_1545.jpg,27,38,16,30,3
33_aug_958.jpg,15,28,14,28,3
33_aug_958.jpg,27,40,14,28,3
69_aug_1765.jpg,10,21,18,30,6
69_aug_1765.jpg,23,34,18,30,9
5_aug_938.jpg,21,31,14,28,5
29_aug_1567.jpg,10,21,15,28,2
29_aug_1567.jpg,22,33,15,28,9
68_aug_1889.jpg,10,21,21,35,6
68_aug_1889.jpg,22,33,21,35,8
34_aug_1656.jpg,15,28,22,35,3
34_aug_1656.jpg,27,40,22,35,4
34_aug_1695.jpg,13,25,19,33,3
34_aug_1695.jpg,25,37,19,33,4
52_aug_979.jpg,9,20,19,32,5
52_aug_979.jpg,20,31,19,32,2
17_aug_1185.jpg,18,27,14,26,1
17_aug_1185.jpg,28,37,14,26,7
98_aug_543.jpg,17,29,19,33,9
98_aug_543.jpg,29,41,19,33,8
56_aug_624.jpg,14,24,14,27,5
56_aug_624.jpg,24,34,14,27,6
610_aug_1446.jpg,14,25,14,27,6
610_aug_1446.jpg,27,38,14,27,10
710_aug_886.jpg,9,21,18,33,7
710_aug_886.jpg,22,34,18,33,10
33_aug_1954.jpg,11,22,22,35,3
33_aug_1954.jpg,22,33,22,35,3
6_aug_367.jpg,15,25,15,28,6
34_aug_755.jpg,9,20,17,30,3
34_aug_755.jpg,20,31,17,30,4
810_aug_1343.jpg,14,26,21,34,8
810_aug_1343.jpg,26,38,21,34,10
35_aug_1019.jpg,15,26,16,28,3
35_aug_1019.jpg,26,36,16,28,5
35_aug_1086.jpg,10,22,20,33,3
35_aug_1086.jpg,22,33,20,33,5
910_aug_708.jpg,18,29,14,28,9
910_aug_708.jpg,29,40,14,28,10
610_aug_1994.jpg,15,27,16,29,6
610_aug_1994.jpg,28,40,16,29,10
43_aug_993.jpg,10,21,22,36,4
43_aug_993.jpg,22,33,22,36,3
84_aug_1467.jpg,14,25,22,34,8
84_aug_1467.jpg,25,36,22,34,4
99_aug_395.jpg,17,28,20,33,9
99_aug_395.jpg,28,39,20,33,9
18_aug_327.jpg,17,26,16,30,1
18_aug_327.jpg,27,36,16,30,8
35_aug_1832.jpg,9,21,14,26,3
35_aug_1832.jpg,21,32,14,26,5
610_aug_1392.jpg,17,29,14,26,6
610_aug_1392.jpg,30,42,14,26,10
35_aug_574.jpg,14,27,23,36,3
35_aug_574.jpg,27,39,23,36,5
35_aug_591.jpg,11,22,24,36,3
35_aug_591.jpg,22,32,24,36,5
35_aug_785.jpg,12,23,15,28,3
35_aug_785.jpg,24,34,15,28,5
410_aug_1595.jpg,12,23,18,31,4
410_aug_1595.jpg,23,34,18,31,10
76_aug_939.jpg,17,27,13,28,7
76_aug_939.jpg,27,37,13,28,6
10_aug_1551.jpg,23,35,21,34,10
12_aug_794.jpg,19,29,17,31,1
12_aug_794.jpg,29,39,17,31,2
47_aug_820.jpg,17,29,19,31,4
47_aug_820.jpg,28,40,19,31,7
5_aug_1163.jpg,22,33,20,32,5
38_aug_1682.jpg,15,28,23,36,3
38_aug_1682.jpg,28,41,23,36,8
8_aug_1333.jpg,16,29,19,32,8
49_aug_512.jpg,6,19,18,31,4
49_aug_512.jpg,19,32,18,31,9
103_aug_835.jpg,11,24,21,36,10
103_aug_835.jpg,24,37,21,36,3
66_aug_1297.jpg,16,26,14,28,6
66_aug_1297.jpg,26,36,14,28,6
37_aug_1883.jpg,16,28,14,26,3
37_aug_1883.jpg,28,40,14,26,7
37_aug_1913.jpg,13,25,16,30,3
37_aug_1913.jpg,25,37,16,30,7
91_aug_1211.jpg,15,26,13,27,9
91_aug_1211.jpg,25,36,13,27,1
37_aug_424.jpg,9,20,19,32,3
37_aug_424.jpg,20,31,19,32,7
85_aug_1385.jpg,13,25,17,31,8
85_aug_1385.jpg,25,36,17,31,5
13_aug_1341.jpg,21,30,21,35,1
13_aug_1341.jpg,31,40,21,35,3
49_aug_1772.jpg,16,28,23,35,4
49_aug_1772.jpg,28,40,23,35,9
38_aug_163.jpg,16,29,20,34,3
38_aug_163.jpg,29,42,20,34,8
87_aug_471.jpg,9,22,21,33,8
87_aug_471.jpg,22,35,21,33,7
4_aug_349.jpg,15,28,14,28,4
38_aug_1921.jpg,10,22,19,33,3
38_aug_1921.jpg,22,34,19,33,8
38_aug_211.jpg,12,24,12,26,3
38_aug_211.jpg,24,36,12,26,8
29_aug_681.jpg,10,22,22,37,2
29_aug_681.jpg,23,35,22,37,9
84_aug_1379.jpg,16,27,13,27,8
84_aug_1379.jpg,27,38,13,27,4
38_aug_608.jpg,17,29,21,33,3
38_aug_608.jpg,29,41,21,33,8
89_aug_489.jpg,10,23,18,32,8
89_aug_489.jpg,23,36,18,32,9
45_aug_1409.jpg,13,26,19,33,4
45_aug_1409.jpg,26,38,19,33,5
38_aug_656.jpg,14,27,22,35,3
38_aug_656.jpg,27,40,22,35,8
106_aug_714.jpg,13,24,18,31,10
106_aug_714.jpg,24,35,18,31,6
93_aug_1726.jpg,17,29,14,27,9
93_aug_1726.jpg,29,41,14,27,3
43_aug_1928.jpg,9,21,16,29,4
43_aug_1928.jpg,20,32,16,29,3
39_aug_1075.jpg,13,26,16,29,3
39_aug_1075.jpg,26,39,16,29,9
39_aug_110.jpg,13,25,23,36,3
39_aug_110.jpg,25,37,23,36,9
62_aug_774.jpg,12,23,20,33,6
62_aug_774.jpg,22,33,20,33,2
39_aug_1339.jpg,15,27,15,27,3
39_aug_1339.jpg,27,39,15,27,9
39_aug_1426.jpg,10,21,16,29,3
39_aug_1426.jpg,21,32,16,29,9
61_aug_380.jpg,15,26,13,27,6
61_aug_380.jpg,26,37,13,27,1
39_aug_1516.jpg,16,27,19,33,3
39_aug_1516.jpg,27,38,19,33,9
34_aug_1316.jpg,9,21,15,27,3
34_aug_1316.jpg,21,33,15,27,4
39_aug_1660.jpg,11,24,19,32,3
39_aug_1660.jpg,24,37,19,32,9
41_aug_352.jpg,16,28,19,32,4
41_aug_352.jpg,27,39,19,32,1
39_aug_1945.jpg,12,24,14,27,3
39_aug_1945.jpg,23,35,14,27,9
23_aug_666.jpg,18,29,17,31,2
23_aug_666.jpg,30,41,17,31,3
7_aug_316.jpg,15,25,19,33,7
39_aug_700.jpg,14,26,14,26,3
39_aug_700.jpg,27,39,14,26,9
82_aug_1539.jpg,16,28,17,31,8
82_aug_1539.jpg,28,40,17,31,2
39_aug_92.jpg,11,23,15,28,3
39_aug_92.jpg,23,35,15,28,9
17_aug_1214.jpg,20,29,15,27,1
17_aug_1214.jpg,29,38,15,27,7
41_aug_1528.jpg,14,26,13,26,4
41_aug_1528.jpg,25,37,13,26,1
73_aug_226.jpg,12,24,17,32,7
73_aug_226.jpg,25,37,17,32,3
17_aug_897.jpg,17,25,20,33,1
17_aug_897.jpg,25,33,20,33,7
3_aug_1397.jpg,23,35,16,29,3
110_aug_286.jpg,18,27,16,30,1
110_aug_286.jpg,28,37,16,30,10
3_aug_144.jpg,20,33,19,33,3
510_aug_107.jpg,16,26,24,36,5
510_aug_107.jpg,25,35,24,36,10
3_aug_1482.jpg,20,33,14,28,3
104_aug_1640.jpg,17,28,17,30,10
104_aug_1640.jpg,28,39,17,30,4
710_aug_1017.jpg,10,21,21,34,7
710_aug_1017.jpg,22,33,21,34,10
62_aug_1848.jpg,17,27,14,28,6
62_aug_1848.jpg,27,37,14,28,2
26_aug_410.jpg,14,26,22,37,2
26_aug_410.jpg,26,38,22,37,6
3_aug_6.jpg,16,28,18,31,3
3_aug_686.jpg,23,34,16,30,3
3_aug_737.jpg,17,28,19,33,3
410_aug_1425.jpg,12,24,20,33,4
410_aug_1425.jpg,23,35,20,33,10
13_aug_1856.jpg,15,24,16,29,1
13_aug_1856.jpg,25,34,16,29,3
410_aug_1744.jpg,16,27,16,28,4
410_aug_1744.jpg,27,38,16,28,10
410_aug_194.jpg,11,22,16,28,4
410_aug_194.jpg,22,33,16,28,10
39_aug_193.jpg,7,19,16,29,3
39_aug_193.jpg,19,31,16,29,9
410_aug_1977.jpg,13,25,13,26,4
410_aug_1977.jpg,25,37,13,26,10
46_aug_1370.jpg,7,19,19,32,4
46_aug_1370.jpg,19,31,19,32,6
710_aug_464.jpg,8,20,19,34,7
710_aug_464.jpg,21,33,19,34,10
38_aug_491.jpg,16,28,16,28,3
38_aug_491.jpg,28,40,16,28,8
47_aug_1987.jpg,15,28,15,27,4
47_aug_1987.jpg,28,41,15,27,7
101_aug_704.jpg,11,23,16,30,10
101_aug_704.jpg,22,34,16,30,1
410_aug_674.jpg,18,29,19,33,4
410_aug_674.jpg,29,40,19,33,10
410_aug_677.jpg,16,28,17,31,4
410_aug_677.jpg,28,40,17,31,10
12_aug_1469.jpg,20,28,15,28,1
12_aug_1469.jpg,29,37,15,28,2
27_aug_1032.jpg,14,25,20,33,2
27_aug_1032.jpg,25,36,20,33,7
99_aug_838.jpg,9,22,19,33,9
99_aug_838.jpg,22,35,19,33,9
92_aug_46.jpg,13,25,22,36,9
92_aug_46.jpg,25,37,22,36,2
41_aug_1174.jpg,16,29,19,33,4
41_aug_1174.jpg,28,41,19,33,1
41_aug_1227.jpg,9,20,19,31,4
41_aug_1227.jpg,19,30,19,31,1
11_aug_1632.jpg,17,26,20,33,1
11_aug_1632.jpg,26,35,20,33,1
410_aug_699.jpg,13,26,17,30,4
410_aug_699.jpg,26,39,17,30,10
35_aug_1489.jpg,13,25,18,30,3
35_aug_1489.jpg,25,36,18,30,5
41_aug_1852.jpg,8,21,16,30,4
41_aug_1852.jpg,20,33,16,30,1
16_aug_478.jpg,18,26,16,28,1
16_aug_478.jpg,26,34,16,28,6
69_aug_1320.jpg,7,19,18,31,6
69_aug_1320.jpg,20,32,18,31,9
410_aug_1970.jpg,10,23,19,32,4
410_aug_1970.jpg,23,36,19,32,10
41_aug_412.jpg,16,28,17,30,4
41_aug_412.jpg,28,40,17,30,1
89_aug_1169.jpg,9,21,18,31,8
89_aug_1169.jpg,21,33,18,31,9
41_aug_51.jpg,10,22,14,27,4
41_aug_51.jpg,22,34,14,27,1
41_aug_762.jpg,11,24,18,31,4
41_aug_762.jpg,23,36,18,31,1
54_aug_643.jpg,14,24,15,28,5
54_aug_643.jpg,24,34,15,28,4
62_aug_1027.jpg,15,26,16,29,6
62_aug_1027.jpg,26,37,16,29,2
91_aug_848.jpg,9,21,14,26,9
91_aug_848.jpg,20,32,14,26,1
108_aug_1508.jpg,9,22,14,27,10
108_aug_1508.jpg,22,35,14,27,8
78_aug_972.jpg,14,26,23,36,7
78_aug_972.jpg,27,39,23,36,8
82_aug_863.jpg,10,21,21,33,8
82_aug_863.jpg,21,32,21,33,2
24_aug_302.jpg,16,27,20,34,2
24_aug_302.jpg,28,39,20,34,4
42_aug_1466.jpg,9,21,22,34,4
42_aug_1466.jpg,21,33,22,34,2
87_aug_1281.jpg,13,26,14,28,8
87_aug_1281.jpg,26,39,14,28,7
42_aug_1761.jpg,16,28,14,27,4
42_aug_1761.jpg,29,41,14,27,2
42_aug_232.jpg,14,26,23,36,4
42_aug_232.jpg,26,38,23,36,2
42_aug_239.jpg,12,25,18,31,4
42_aug_239.jpg,24,37,18,31,2
85_aug_38.jpg,7,20,15,28,8
85_aug_38.jpg,21,33,15,28,5
42_aug_533.jpg,6,19,14,28,4
42_aug_533.jpg,19,32,14,28,2
74_aug_1875.jpg,9,21,19,34,7
74_aug_1875.jpg,22,34,19,34,4
42_aug_616.jpg,15,28,16,29,4
42_aug_616.jpg,28,41,16,29,2
42_aug_905.jpg,13,24,20,32,4
42_aug_905.jpg,24,35,20,32,2
28_aug_1655.jpg,14,25,23,36,2
28_aug_1655.jpg,26,37,23,36,8
43_aug_1435.jpg,17,29,14,28,4
43_aug_1435.jpg,29,41,14,28,3
7_aug_896.jpg,16,28,22,36,7
64_aug_366.jpg,15,27,18,30,6
64_aug_366.jpg,28,40,18,30,4
54_aug_1082.jpg,10,20,18,31,5
54_aug_1082.jpg,20,30,18,31,4
43_aug_37.jpg,7,19,17,29,4
43_aug_37.jpg,19,31,17,29,3
43_aug_63.jpg,10,23,22,34,4
43_aug_63.jpg,23,36,22,34,3
43_aug_636.jpg,16,28,19,32,4
43_aug_636.jpg,28,40,19,32,3
57_aug_1444.jpg,19,30,23,35,5
57_aug_1444.jpg,30,41,23,35,7
43_aug_819.jpg,11,22,21,35,4
43_aug_819.jpg,21,32,21,35,3
610_aug_470.jpg,15,26,18,32,6
610_aug_470.jpg,27,38,18,32,10
43_aug_926.jpg,16,27,18,30,4
43_aug_926.jpg,27,38,18,30,3
43_aug_933.jpg,11,23,18,32,4
43_aug_933.jpg,23,35,18,32,3
78_aug_1218.jpg,16,27,21,34,7
78_aug_1218.jpg,28,39,21,34,8
47_aug_1767.jpg,13,25,14,27,4
47_aug_1767.jpg,25,37,14,27,7
106_aug_860.jpg,15,28,14,28,10
106_aug_860.jpg,28,41,14,28,6
82_aug_1254.jpg,13,24,17,31,8
82_aug_1254.jpg,24,35,17,31,2
910_aug_151.jpg,7,20,14,28,9
910_aug_151.jpg,19,32,14,28,10
87_aug_978.jpg,7,20,18,32,8
87_aug_978.jpg,20,33,18,32,7
44_aug_1345.jpg,17,29,23,35,4
44_aug_1345.jpg,29,41,23,35,4
95_aug_1698.jpg,13,26,23,35,9
95_aug_1698.jpg,25,37,23,35,5
71_aug_299.jpg,15,27,21,36,7
71_aug_299.jpg,27,39,21,36,1
75_aug_792.jpg,11,22,13,28,7
75_aug_792.jpg,22,33,13,28,5
13_aug_181.jpg,16,25,16,28,1
13_aug_181.jpg,26,35,16,28,3
19_aug_1106.jpg,18,28,14,27,1
19_aug_1106.jpg,28,38,14,27,9
44_aug_1712.jpg,16,28,20,33,4
44_aug_1712.jpg,29,41,20,33,4
44_aug_1757.jpg,7,19,20,33,4
44_aug_1757.jpg,19,31,20,33,4
54_aug_664.jpg,15,25,15,29,5
54_aug_664.jpg,24,34,15,29,4
81_aug_1625.jpg,12,23,22,34,8
81_aug_1625.jpg,22,33,22,34,1
59_aug_596.jpg,18,28,16,28,5
59_aug_596.jpg,28,38,16,28,9
44_aug_607.jpg,14,26,17,31,4
44_aug_607.jpg,26,38,17,31,4
44_aug_719.jpg,12,24,15,29,4
44_aug_719.jpg,24,36,15,29,4
65_aug_474.jpg,16,26,19,33,6
65_aug_474.jpg,26,36,19,33,5
95_aug_862.jpg,14,26,20,34,9
95_aug_862.jpg,26,37,20,34,5
45_aug_100.jpg,17,29,15,28,4
45_aug_100.jpg,29,40,15,28,5
58_aug_260.jpg,16,25,22,35,5
58_aug_260.jpg,25,34,22,35,8
52_aug_1906.jpg,17,28,20,32,5
52_aug_1906.jpg,27,38,20,32,2
93_aug_1238.jpg,17,29,20,33,9
93_aug_1238.jpg,29,41,20,33,3
45_aug_1963.jpg,9,20,21,34,4
45_aug_1963.jpg,20,30,21,34,5
28_aug_857.jpg,11,22,23,37,2
28_aug_857.jpg,23,34,23,37,8
45_aug_928.jpg,18,29,22,36,4
45_aug_928.jpg,29,39,22,36,5
510_aug_1209.jpg,19,28,15,28,5
510_aug_1209.jpg,28,37,15,28,10
45_aug_994.jpg,11,23,13,26,4
45_aug_994.jpg,22,33,13,26,5
46_aug_1201.jpg,13,26,17,29,4
46_aug_1201.jpg,26,39,17,29,6
46_aug_1278.jpg,7,20,14,26,4
46_aug_1278.jpg,20,33,14,26,6
89_aug_1716.jpg,6,19,14,27,8
89_aug_1716.jpg,19,32,14,27,9
82_aug_650.jpg,13,25,16,29,8
82_aug_650.jpg,25,37,16,29,2
26_aug_132.jpg,11,22,15,28,2
26_aug_132.jpg,22,33,15,28,6
46_aug_1600.jpg,9,21,21,35,4
46_aug_1600.jpg,21,33,21,35,6
62_aug_1602.jpg,14,25,15,27,6
62_aug_1602.jpg,25,36,15,27,2
46_aug_166.jpg,14,27,15,29,4
46_aug_166.jpg,27,40,15,29,6
98_aug_1881.jpg,14,26,22,36,9
98_aug_1881.jpg,26,38,22,36,8
95_aug_1935.jpg,15,28,18,31,9
95_aug_1935.jpg,28,40,18,31,5
73_aug_233.jpg,13,24,18,31,7
73_aug_233.jpg,25,36,18,31,3
1010_aug_187.jpg,16,28,17,30,10
1010_aug_187.jpg,29,41,17,30,10
46_aug_310.jpg,11,23,21,33,4
46_aug_310.jpg,23,35,21,33,6
46_aug_408.jpg,13,25,14,28,4
46_aug_408.jpg,25,37,14,28,6
46_aug_446.jpg,8,20,23,35,4
46_aug_446.jpg,20,32,23,35,6
54_aug_1615.jpg,13,23,20,32,5
54_aug_1615.jpg,24,34,20,32,4
46_aug_1800.jpg,6,19,17,30,4
46_aug_1800.jpg,19,32,17,30,6
46_aug_614.jpg,10,21,21,35,4
46_aug_614.jpg,21,32,21,35,6
96_aug_1953.jpg,11,23,22,34,9
96_aug_1953.jpg,23,35,22,34,6
46_aug_694.jpg,12,23,22,35,4
46_aug_694.jpg,22,33,22,35,6
46_aug_817.jpg,13,26,16,30,4
46_aug_817.jpg,26,39,16,30,6
46_aug_82.jpg,17,28,21,34,4
46_aug_82.jpg,28,39,21,34,6
46_aug_984.jpg,12,24,22,34,4
46_aug_984.jpg,24,36,22,34,6
810_aug_1111.jpg,13,26,22,34,8
810_aug_1111.jpg,26,39,22,34,10
52_aug_638.jpg,10,21,22,36,5
52_aug_638.jpg,21,32,22,36,2
610_aug_854.jpg,16,27,20,33,6
610_aug_854.jpg,28,39,20,33,10
910_aug_1059.jpg,13,25,19,33,9
910_aug_1059.jpg,25,37,19,33,10
54_aug_20.jpg,14,24,15,28,5
54_aug_20.jpg,23,33,15,28,4
77_aug_1603.jpg,8,19,20,35,7
77_aug_1603.jpg,19,30,20,35,7
47_aug_1414.jpg,8,21,16,28,4
47_aug_1414.jpg,21,34,16,28,7
89_aug_288.jpg,10,21,23,35,8
89_aug_288.jpg,22,33,23,35,9
36_aug_348.jpg,8,19,13,26,3
36_aug_348.jpg,19,30,13,26,6
47_aug_145.jpg,7,19,18,31,4
47_aug_145.jpg,19,31,18,31,7
47_aug_150.jpg,8,20,17,31,4
47_aug_150.jpg,20,32,17,31,7
44_aug_1011.jpg,14,26,18,32,4
44_aug_1011.jpg,26,38,18,32,4
12_aug_1424.jpg,21,30,19,33,1
12_aug_1424.jpg,30,39,19,33,2
10_aug_924.jpg,22,33,19,33,10
47_aug_1873.jpg,7,20,16,30,4
47_aug_1873.jpg,19,32,16,30,7
410_aug_560.jpg,9,21,24,36,4
410_aug_560.jpg,21,33,24,36,10
89_aug_1596.jpg,17,29,19,31,8
89_aug_1596.jpg,29,41,19,31,9
47_aug_350.jpg,17,29,15,28,4
47_aug_350.jpg,29,41,15,28,7
52_aug_463.jpg,12,22,19,32,5
52_aug_463.jpg,22,32,19,32,2
47_aug_769.jpg,15,26,23,36,4
47_aug_769.jpg,26,37,23,36,7
55_aug_186.jpg,15,25,15,28,5
55_aug_186.jpg,25,34,15,28,5
34_aug_16.jpg,10,21,19,31,3
34_aug_16.jpg,20,31,19,31,4
83_aug_1180.jpg,13,25,22,35,8
83_aug_1180.jpg,25,37,22,35,3
46_aug_965.jpg,9,20,15,27,4
46_aug_965.jpg,20,31,15,27,6
110_aug_1678.jpg,17,25,14,27,1
110_aug_1678.jpg,26,34,14,27,10
87_aug_1403.jpg,12,24,23,35,8
87_aug_1403.jpg,24,36,23,35,7
510_aug_1071.jpg,17,26,21,35,5
510_aug_1071.jpg,26,35,21,35,10
48_aug_1530.jpg,10,23,17,31,4
48_aug_1530.jpg,23,36,17,31,8
24_aug_941.jpg,12,24,17,32,2
24_aug_941.jpg,25,37,17,32,4
10_aug_1620.jpg,14,26,18,31,10
48_aug_416.jpg,15,27,16,29,4
48_aug_416.jpg,27,39,16,29,8
48_aug_47.jpg,14,25,22,35,4
48_aug_47.jpg,26,37,22,35,8
2_aug_268.jpg,15,25,19,33,2
48_aug_618.jpg,11,22,16,30,4
48_aug_618.jpg,22,33,16,30,8
86_aug_1868.jpg,16,27,14,27,8
86_aug_1868.jpg,27,38,14,27,6
610_aug_1085.jpg,16,27,15,27,6
610_aug_1085.jpg,27,38,15,27,10
49_aug_1582.jpg,15,27,22,34,4
49_aug_1582.jpg,27,39,22,34,9
93_aug_1023.jpg,16,27,17,31,9
93_aug_1023.jpg,27,38,17,31,3
59_aug_1554.jpg,12,22,14,27,5
59_aug_1554.jpg,22,32,14,27,9
87_aug_243.jpg,16,28,13,26,8
87_aug_243.jpg,28,40,13,26,7
49_aug_1958.jpg,8,19,14,27,4
49_aug_1958.jpg,19,30,14,27,9
52_aug_1642.jpg,13,24,16,29,5
52_aug_1642.jpg,24,35,16,29,2
51_aug_1815.jpg,17,28,18,32,5
51_aug_1815.jpg,27,38,18,32,1
62_aug_1158.jpg,15,26,18,32,6
62_aug_1158.jpg,26,37,18,32,2
104_aug_1503.jpg,15,28,23,36,10
104_aug_1503.jpg,28,41,23,36,4
98_aug_1166.jpg,11,24,15,29,9
98_aug_1166.jpg,24,37,15,29,8
49_aug_78.jpg,7,20,14,26,4
49_aug_78.jpg,20,33,14,26,9
49_aug_912.jpg,12,24,18,32,4
49_aug_912.jpg,23,35,18,32,9
49_aug_920.jpg,12,24,15,28,4
49_aug_920.jpg,23,35,15,28,9
4_aug_1146.jpg,18,31,19,32,4
4_aug_1257.jpg,20,31,13,26,4
82_aug_1043.jpg,13,24,21,33,8
82_aug_1043.jpg,24,35,21,33,2
4_aug_1347.jpg,21,34,16,28,4
110_aug_1021.jpg,14,23,18,31,1
110_aug_1021.jpg,24,33,18,31,10
4_aug_1690.jpg,20,32,18,31,4
51_aug_1909.jpg,11,21,21,34,5
51_aug_1909.jpg,20,30,21,34,1
44_aug_1178.jpg,9,22,13,26,4
44_aug_1178.jpg,22,35,13,26,4
710_aug_568.jpg,14,24,17,30,7
710_aug_568.jpg,25,35,17,30,10
67_aug_1564.jpg,8,19,14,28,6
67_aug_1564.jpg,19,30,14,28,7
4_aug_418.jpg,16,27,20,33,4
4_aug_576.jpg,16,28,18,32,4
4_aug_583.jpg,15,26,15,27,4
4_aug_687.jpg,19,31,14,28,4
81_aug_29.jpg,8,19,21,33,8
81_aug_29.jpg,18,29,21,33,1
4_aug_881.jpg,23,36,14,26,4
510_aug_1045.jpg,19,28,17,31,5
510_aug_1045.jpg,29,38,17,31,10
11_aug_502.jpg,13,21,19,32,1
11_aug_502.jpg,21,29,19,32,1
13_aug_1997.jpg,18,26,22,34,1
13_aug_1997.jpg,27,35,22,34,3
95_aug_573.jpg,11,23,13,26,9
95_aug_573.jpg,24,35,13,26,5
510_aug_1115.jpg,17,27,17,30,5
510_aug_1115.jpg,27,37,17,30,10
47_aug_1259.jpg,16,27,16,28,4
47_aug_1259.jpg,27,38,16,28,7
510_aug_1293.jpg,17,28,16,28,5
510_aug_1293.jpg,27,38,16,28,10
510_aug_1301.jpg,17,26,21,33,5
510_aug_1301.jpg,27,36,21,33,10
23_aug_1738.jpg,14,24,14,29,2
23_aug_1738.jpg,25,35,14,29,3
37_aug_1012.jpg,9,22,18,32,3
37_aug_1012.jpg,22,35,18,32,7
49_aug_214.jpg,15,28,16,28,4
49_aug_214.jpg,28,41,16,28,9
510_aug_1779.jpg,12,23,22,34,5
510_aug_1779.jpg,23,34,22,34,10
510_aug_1784.jpg,16,26,15,29,5
510_aug_1784.jpg,26,36,15,29,10
55_aug_136.jpg,19,28,18,30,5
55_aug_136.jpg,28,36,18,30,5
27_aug_343.jpg,17,29,17,30,2
27_aug_343.jpg,29,41,17,30,7
510_aug_447.jpg,18,29,15,28,5
510_aug_447.jpg,29,40,15,28,10
108_aug_1348.jpg,10,22,15,29,10
108_aug_1348.jpg,23,35,15,29,8
92_aug_1833.jpg,11,23,17,31,9
92_aug_1833.jpg,23,35,17,31,2
7_aug_1855.jpg,22,33,18,31,7
43_aug_1601.jpg,9,21,20,32,4
43_aug_1601.jpg,21,33,20,32,3
51_aug_1018.jpg,12,23,21,33,5
51_aug_1018.jpg,21,32,21,33,1
33_aug_1710.jpg,15,28,17,31,3
33_aug_1710.jpg,28,41,17,31,3
62_aug_387.jpg,15,26,16,28,6
62_aug_387.jpg,26,37,16,28,2
51_aug_1273.jpg,17,27,18,31,5
51_aug_1273.jpg,26,36,18,31,1
15_aug_1703.jpg,10,20,16,30,1
15_aug_1703.jpg,20,30,16,30,5
51_aug_1606.jpg,12,22,21,35,5
51_aug_1606.jpg,21,31,21,35,1
2_aug_575.jpg,20,32,20,33,2
95_aug_1616.jpg,10,21,17,29,9
95_aug_1616.jpg,21,31,17,29,5
58_aug_850.jpg,18,28,17,29,5
58_aug_850.jpg,28,38,17,29,8
92_aug_1087.jpg,17,28,22,36,9
92_aug_1087.jpg,28,39,22,36,2
64_aug_605.jpg,15,25,17,29,6
64_aug_605.jpg,26,36,17,29,4
51_aug_300.jpg,12,22,23,35,5
51_aug_300.jpg,21,31,23,35,1
510_aug_1490.jpg,10,21,14,26,5
510_aug_1490.jpg,20,31,14,26,10
76_aug_336.jpg,8,20,13,28,7
76_aug_336.jpg,20,32,13,28,6
74_aug_1998.jpg,8,20,21,34,7
74_aug_1998.jpg,20,32,21,34,4
51_aug_765.jpg,17,27,20,32,5
51_aug_765.jpg,26,36,20,32,1
103_aug_888.jpg,13,24,19,32,10
103_aug_888.jpg,24,35,19,32,3
108_aug_1811.jpg,13,26,18,32,10
108_aug_1811.jpg,25,38,18,32,8
52_aug_1607.jpg,11,21,14,27,5
52_aug_1607.jpg,20,30,14,27,2
54_aug_1422.jpg,19,30,14,28,5
54_aug_1422.jpg,30,41,14,28,4
44_aug_1173.jpg,14,27,21,33,4
44_aug_1173.jpg,27,40,21,33,4
84_aug_667.jpg,10,22,15,27,8
84_aug_667.jpg,22,34,15,27,4
57_aug_279.jpg,15,25,17,30,5
57_aug_279.jpg,25,35,17,30,7
63_aug_508.jpg,14,25,17,30,6
63_aug_508.jpg,25,36,17,30,3
52_aug_264.jpg,11,22,22,35,5
52_aug_264.jpg,21,32,22,35,2
39_aug_320.jpg,15,27,16,29,3
39_aug_320.jpg,27,39,16,29,9
77_aug_1262.jpg,9,19,19,33,7
77_aug_1262.jpg,20,30,19,33,7
52_aug_913.jpg,21,30,20,34,5
52_aug_913.jpg,30,39,20,34,2
71_aug_1509.jpg,10,21,15,30,7
71_aug_1509.jpg,22,33,15,30,1
98_aug_788.jpg,14,27,21,34,9
98_aug_788.jpg,27,40,21,34,8
53_aug_1186.jpg,12,21,18,31,5
53_aug_1186.jpg,21,30,18,31,3
53_aug_1210.jpg,15,25,19,33,5
53_aug_1210.jpg,25,35,19,33,3
17_aug_824.jpg,14,23,17,30,1
17_aug_824.jpg,23,32,17,30,7
53_aug_1565.jpg,16,26,14,27,5
53_aug_1565.jpg,26,36,14,27,3
76_aug_516.jpg,14,25,17,31,7
76_aug_516.jpg,25,36,17,31,6
45_aug_314.jpg,13,26,18,31,4
45_aug_314.jpg,26,38,18,31,5
53_aug_1733.jpg,18,28,17,30,5
53_aug_1733.jpg,28,38,17,30,3
96_aug_1415.jpg,15,27,19,31,9
96_aug_1415.jpg,27,39,19,31,6
610_aug_663.jpg,10,20,19,33,6
610_aug_663.jpg,21,31,19,33,10
410_aug_368.jpg,11,23,20,33,4
410_aug_368.jpg,23,35,20,33,10
54_aug_1056.jpg,16,26,19,32,5
54_aug_1056.jpg,26,36,19,32,4
24_aug_776.jpg,10,22,15,28,2
24_aug_776.jpg,23,35,15,28,4
21_aug_353.jpg,15,26,16,31,2
21_aug_353.jpg,25,36,16,31,1
54_aug_1287.jpg,12,22,19,33,5
54_aug_1287.jpg,22,32,19,33,4
54_aug_1364.jpg,14,24,13,25,5
54_aug_1364.jpg,24,34,13,25,4
51_aug_500.jpg,17,28,22,35,5
51_aug_500.jpg,27,38,22,35,1
110_aug_1239.jpg,15,25,15,29,1
110_aug_1239.jpg,25,35,15,29,10
67_aug_771.jpg,12,22,16,29,6
67_aug_771.jpg,23,33,16,29,7
68_aug_379.jpg,10,21,15,28,6
68_aug_379.jpg,21,32,15,28,8
79_aug_1820.jpg,13,24,16,31,7
79_aug_1820.jpg,26,37,16,31,9
11_aug_767.jpg,12,21,22,36,1
11_aug_767.jpg,21,30,22,36,1
54_aug_518.jpg,18,28,16,29,5
54_aug_518.jpg,28,38,16,29,4
54_aug_83.jpg,16,27,15,29,5
54_aug_83.jpg,27,38,15,29,4
54_aug_840.jpg,14,24,20,32,5
54_aug_840.jpg,24,34,20,32,4
54_aug_844.jpg,13,24,20,33,5
54_aug_844.jpg,23,34,20,33,4
33_aug_1701.jpg,8,20,19,31,3
33_aug_1701.jpg,20,32,19,31,3
68_aug_1860.jpg,12,23,15,27,6
68_aug_1860.jpg,24,35,15,27,8
65_aug_999.jpg,12,23,16,28,6
65_aug_999.jpg,23,34,16,28,5
102_aug_821.jpg,10,22,17,30,10
102_aug_821.jpg,22,34,17,30,2
97_aug_161.jpg,10,22,20,34,9
97_aug_161.jpg,22,34,20,34,7
11_aug_27.jpg,16,26,17,30,1
11_aug_27.jpg,25,35,17,30,1
57_aug_1237.jpg,11,20,23,35,5
57_aug_1237.jpg,20,29,23,35,7
66_aug_964.jpg,8,19,22,34,6
66_aug_964.jpg,19,30,22,34,6
103_aug_513.jpg,10,21,16,29,10
103_aug_513.jpg,21,32,16,29,3
71_aug_71.jpg,13,23,22,37,7
71_aug_71.jpg,23,33,22,37,1
56_aug_1382.jpg,18,28,17,31,5
56_aug_1382.jpg,27,37,17,31,6
56_aug_1384.jpg,16,25,14,28,5
56_aug_1384.jpg,25,34,14,28,6
73_aug_354.jpg,19,29,15,29,7
73_aug_354.jpg,30,40,15,29,3
92_aug_493.jpg,13,24,21,35,9
92_aug_493.jpg,24,35,21,35,2
56_aug_1493.jpg,17,27,20,34,5
56_aug_1493.jpg,27,37,20,34,6
83_aug_58.jpg,11,23,21,35,8
83_aug_58.jpg,23,35,21,35,3
23_aug_797.jpg,10,22,24,37,2
23_aug_797.jpg,23,35,24,37,3
56_aug_814.jpg,18,29,15,28,5
56_aug_814.jpg,29,40,15,28,6
57_aug_1028.jpg,12,22,14,26,5
57_aug_1028.jpg,22,32,14,26,7
57_aug_1150.jpg,19,28,22,36,5
57_aug_1150.jpg,29,38,22,36,7
57_aug_1229.jpg,17,27,18,30,5
57_aug_1229.jpg,27,37,18,30,7
74_aug_1322.jpg,8,20,17,30,7
74_aug_1322.jpg,21,33,17,30,4
57_aug_1240.jpg,16,26,14,26,5
57_aug_1240.jpg,26,36,14,26,7
57_aug_133.jpg,19,29,20,33,5
57_aug_133.jpg,29,39,20,33,7
47_aug_1091.jpg,15,27,17,30,4
47_aug_1091.jpg,27,39,17,30,7
57_aug_1499.jpg,14,24,18,31,5
57_aug_1499.jpg,25,35,18,31,7
1010_aug_1568.jpg,14,26,16,30,10
1010_aug_1568.jpg,26,38,16,30,10
18_aug_218.jpg,18,27,22,35,1
18_aug_218.jpg,27,36,22,35,8
64_aug_675.jpg,15,25,17,31,6
64_aug_675.jpg,26,36,17,31,4
86_aug_1610.jpg,16,27,17,31,8
86_aug_1610.jpg,27,38,17,31,6
53_aug_1673.jpg,13,22,18,31,5
53_aug_1673.jpg,22,31,18,31,3
57_aug_791.jpg,11,21,23,36,5
57_aug_791.jpg,21,31,23,36,7
21_aug_1427.jpg,9,19,20,35,2
21_aug_1427.jpg,19,29,20,35,1
51_aug_1120.jpg,17,28,15,29,5
51_aug_1120.jpg,26,37,15,29,1
58_aug_1375.jpg,20,29,15,28,5
58_aug_1375.jpg,29,38,15,28,8
58_aug_1411.jpg,20,29,23,35,5
58_aug_1411.jpg,29,38,23,35,8
38_aug_1269.jpg,17,28,18,31,3
38_aug_1269.jpg,28,39,18,31,8
31_aug_1931.jpg,9,22,14,28,3
31_aug_1931.jpg,21,34,14,28,1
58_aug_1455.jpg,12,22,18,30,5
58_aug_1455.jpg,21,31,18,30,8
58_aug_1548.jpg,11,20,22,34,5
58_aug_1548.jpg,20,29,22,34,8
58_aug_1708.jpg,10,21,17,31,5
58_aug_1708.jpg,21,32,17,31,8
39_aug_761.jpg,8,20,20,34,3
39_aug_761.jpg,19,31,20,34,9
58_aug_1870.jpg,18,28,20,32,5
58_aug_1870.jpg,28,38,20,32,8
105_aug_1431.jpg,10,21,14,28,10
105_aug_1431.jpg,21,31,14,28,5
45_aug_1034.jpg,11,22,13,25,4
45_aug_1034.jpg,22,32,13,25,5
48_aug_1171.jpg,13,26,17,29,4
48_aug_1171.jpg,26,39,17,29,8
58_aug_445.jpg,9,20,18,30,5
58_aug_445.jpg,20,31,18,30,8
77_aug_689.jpg,9,19,17,32,7
77_aug_689.jpg,19,29,17,32,7
19_aug_1053.jpg,21,29,22,35,1
19_aug_1053.jpg,30,38,22,35,9
58_aug_661.jpg,13,22,19,32,5
58_aug_661.jpg,22,31,19,32,8
79_aug_325.jpg,9,19,15,30,7
79_aug_325.jpg,20,30,15,30,9
10_aug_1523.jpg,16,28,22,37,10
310_aug_565.jpg,6,19,19,32,3
310_aug_565.jpg,19,32,19,32,10
59_aug_1463.jpg,13,22,17,29,5
59_aug_1463.jpg,23,32,17,29,9
63_aug_242.jpg,16,26,19,31,6
63_aug_242.jpg,27,37,19,31,3
59_aug_1896.jpg,13,23,21,34,5
59_aug_1896.jpg,24,34,21,34,9
2_aug_134.jpg,15,26,13,28,2
91_aug_1522.jpg,9,21,21,34,9
91_aug_1522.jpg,21,33,21,34,1
59_aug_365.jpg,18,28,17,31,5
59_aug_365.jpg,28,38,17,31,9
66_aug_728.jpg,18,28,20,32,6
66_aug_728.jpg,28,38,20,32,6
59_aug_651.jpg,13,23,23,36,5
59_aug_651.jpg,23,33,23,36,9
59_aug_747.jpg,11,21,18,31,5
59_aug_747.jpg,20,30,18,31,9
94_aug_1151.jpg,15,28,21,34,9
94_aug_1151.jpg,27,40,21,34,4
59_aug_911.jpg,12,21,20,34,5
59_aug_911.jpg,22,31,20,34,9
99_aug_1674.jpg,12,24,17,30,9
99_aug_1674.jpg,25,37,17,30,9
23_aug_1462.jpg,16,26,16,29,2
23_aug_1462.jpg,28,38,16,29,3
5_aug_1292.jpg,20,29,14,26,5
6_aug_1609.jpg,18,29,21,33,6
5_aug_1638.jpg,25,36,16,30,5
810_aug_15.jpg,9,21,17,31,8
810_aug_15.jpg,21,33,17,31,10
106_aug_1145.jpg,16,28,23,37,10
106_aug_1145.jpg,28,40,23,37,6
710_aug_691.jpg,13,25,19,32,7
710_aug_691.jpg,25,37,19,32,10
5_aug_1751.jpg,22,32,17,29,5
35_aug_1791.jpg,9,20,20,34,3
35_aug_1791.jpg,20,30,20,34,5
410_aug_497.jpg,8,20,14,27,4
410_aug_497.jpg,20,32,14,27,10
4_aug_1861.jpg,15,28,19,33,4
84_aug_1877.jpg,8,21,14,28,8
84_aug_1877.jpg,21,34,14,28,4
58_aug_212.jpg,11,20,19,32,5
58_aug_212.jpg,20,29,19,32,8
410_aug_483.jpg,10,23,18,32,4
410_aug_483.jpg,23,36,18,32,10
610_aug_1047.jpg,9,20,22,34,6
610_aug_1047.jpg,21,32,22,34,10
610_aug_1080.jpg,14,26,19,32,6
610_aug_1080.jpg,27,39,19,32,10
71_aug_620.jpg,8,19,16,31,7
71_aug_620.jpg,19,30,16,31,1
310_aug_276.jpg,13,26,18,32,3
310_aug_276.jpg,26,39,18,32,10
610_aug_1314.jpg,13,24,16,29,6
610_aug_1314.jpg,25,36,16,29,10
104_aug_1675.jpg,9,22,15,30,10
104_aug_1675.jpg,22,35,15,30,4
34_aug_376.jpg,13,26,16,29,3
34_aug_376.jpg,26,39,16,29,4
85_aug_217.jpg,14,26,16,30,8
85_aug_217.jpg,26,37,16,30,5
610_aug_1730.jpg,11,23,19,32,6
610_aug_1730.jpg,24,36,19,32,10
610_aug_1986.jpg,14,26,16,28,6
610_aug_1986.jpg,27,39,16,28,10
610_aug_388.jpg,12,23,23,35,6
610_aug_388.jpg,25,36,23,35,10
26_aug_1213.jpg,10,21,23,37,2
26_aug_1213.jpg,22,33,23,37,6
610_aug_529.jpg,15,25,13,27,6
610_aug_529.jpg,26,36,13,27,10
2_aug_1454.jpg,15,25,14,28,2
29_aug_363.jpg,15,26,18,32,2
29_aug_363.jpg,27,38,18,32,9
610_aug_833.jpg,17,28,20,34,6
610_aug_833.jpg,29,40,20,34,10
106_aug_1131.jpg,13,26,16,30,10
106_aug_1131.jpg,26,39,16,30,6
66_aug_581.jpg,14,24,19,32,6
66_aug_581.jpg,25,35,19,32,6
12_aug_1715.jpg,12,22,21,34,1
12_aug_1715.jpg,22,32,21,34,2
67_aug_1984.jpg,8,19,17,31,6
67_aug_1984.jpg,19,30,17,31,7
61_aug_1223.jpg,14,25,21,35,6
61_aug_1223.jpg,25,36,21,35,1
61_aug_1437.jpg,14,25,22,35,6
61_aug_1437.jpg,24,35,22,35,1
51_aug_538.jpg,20,30,14,28,5
51_aug_538.jpg,28,38,14,28,1
61_aug_159.jpg,10,20,17,31,6
61_aug_159.jpg,21,31,17,31,1
61_aug_1892.jpg,10,22,14,26,6
61_aug_1892.jpg,22,34,14,26,1
44_aug_1792.jpg,15,27,14,26,4
44_aug_1792.jpg,27,39,14,26,4
1_aug_631.jpg,17,26,15,28,1
61_aug_1982.jpg,9,21,16,30,6
61_aug_1982.jpg,21,33,16,30,1
65_aug_1283.jpg,13,23,20,33,6
65_aug_1283.jpg,23,33,20,33,5
61_aug_425.jpg,17,28,16,29,6
61_aug_425.jpg,28,39,16,29,1
61_aug_89.jpg,8,20,23,36,6
61_aug_89.jpg,19,31,23,36,1
61_aug_934.jpg,8,20,17,29,6
61_aug_934.jpg,20,32,17,29,1
22_aug_1980.jpg,12,24,21,36,2
22_aug_1980.jpg,24,36,21,36,2
15_aug_167.jpg,19,28,20,33,1
15_aug_167.jpg,28,37,20,33,5
27_aug_1773.jpg,8,19,14,29,2
27_aug_1773.jpg,19,30,14,29,7
106_aug_1694.jpg,11,23,15,29,10
106_aug_1694.jpg,23,35,15,29,6
109_aug_861.jpg,13,25,21,34,10
109_aug_861.jpg,26,38,21,34,9
23_aug_859.jpg,15,26,13,28,2
23_aug_859.jpg,27,38,13,28,3
210_aug_626.jpg,8,19,20,33,2
210_aug_626.jpg,20,31,20,33,10
37_aug_1159.jpg,14,26,14,27,3
37_aug_1159.jpg,26,38,14,27,7
58_aug_143.jpg,10,21,20,33,5
58_aug_143.jpg,20,31,20,33,8
109_aug_1969.jpg,10,21,16,30,10
109_aug_1969.jpg,21,32,16,30,9
55_aug_717.jpg,18,27,22,36,5
55_aug_717.jpg,27,35,22,36,5
48_aug_1405.jpg,13,26,21,33,4
48_aug_1405.jpg,26,39,21,33,8
39_aug_1132.jpg,18,29,17,31,3
39_aug_1132.jpg,29,40,17,31,9
105_aug_1946.jpg,10,22,15,29,10
105_aug_1946.jpg,22,33,15,29,5
63_aug_1005.jpg,13,23,18,30,6
63_aug_1005.jpg,24,34,18,30,3
63_aug_1065.jpg,10,22,13,26,6
63_aug_1065.jpg,22,34,13,26,3
63_aug_1140.jpg,14,26,15,28,6
63_aug_1140.jpg,27,39,15,28,3
32_aug_1780.jpg,11,24,19,33,3
32_aug_1780.jpg,24,37,19,33,2
109_aug_1139.jpg,9,22,19,32,10
109_aug_1139.jpg,22,35,19,32,9
73_aug_1836.jpg,12,23,18,31,7
73_aug_1836.jpg,23,34,18,31,3
310_aug_141.jpg,10,21,13,26,3
310_aug_141.jpg,21,32,13,26,10
93_aug_213.jpg,7,20,18,31,9
93_aug_213.jpg,20,33,18,31,3
63_aug_1720.jpg,16,26,21,34,6
63_aug_1720.jpg,27,37,21,34,3
21_aug_744.jpg,17,28,16,29,2
21_aug_744.jpg,28,39,16,29,1
63_aug_3.jpg,17,28,18,32,6
63_aug_3.jpg,29,40,18,32,3
63_aug_361.jpg,10,21,21,34,6
63_aug_361.jpg,21,32,21,34,3
41_aug_215.jpg,17,28,18,30,4
41_aug_215.jpg,27,38,18,30,1
63_aug_566.jpg,9,20,18,31,6
63_aug_566.jpg,21,32,18,31,3
98_aug_1769.jpg,8,21,14,27,9
98_aug_1769.jpg,21,34,14,27,8
710_aug_1829.jpg,16,26,15,29,7
710_aug_1829.jpg,27,37,15,29,10
36_aug_1225.jpg,9,21,18,31,3
36_aug_1225.jpg,21,33,18,31,6
104_aug_403.jpg,15,28,16,31,10
104_aug_403.jpg,28,41,16,31,4
88_aug_1122.jpg,12,25,19,33,8
88_aug_1122.jpg,24,37,19,33,8
63_aug_977.jpg,17,27,14,27,6
63_aug_977.jpg,28,38,14,27,3
64_aug_1099.jpg,16,28,13,27,6
64_aug_1099.jpg,29,41,13,27,4
97_aug_109.jpg,15,27,17,29,9
97_aug_109.jpg,27,39,17,29,7
96_aug_730.jpg,17,29,20,34,9
96_aug_730.jpg,29,41,20,34,6
65_aug_17.jpg,11,22,18,32,6
65_aug_17.jpg,22,33,18,32,5
64_aug_1924.jpg,17,28,21,33,6
64_aug_1924.jpg,29,40,21,33,4
64_aug_1949.jpg,11,23,14,27,6
64_aug_1949.jpg,24,36,14,27,4
107_aug_80.jpg,10,23,18,32,10
107_aug_80.jpg,23,36,18,32,7
64_aug_281.jpg,11,23,22,35,6
64_aug_281.jpg,23,35,22,35,4
64_aug_344.jpg,14,24,15,29,6
64_aug_344.jpg,25,35,15,29,4
64_aug_696.jpg,12,24,21,35,6
64_aug_696.jpg,25,37,21,35,4
64_aug_779.jpg,16,28,22,35,6
64_aug_779.jpg,29,41,22,35,4
31_aug_277.jpg,16,27,20,32,3
31_aug_277.jpg,27,38,20,32,1
65_aug_125.jpg,12,23,18,32,6
65_aug_125.jpg,23,34,18,32,5
13_aug_898.jpg,15,24,20,33,1
13_aug_898.jpg,25,34,20,33,3
58_aug_654.jpg,19,29,21,35,5
58_aug_654.jpg,29,39,21,35,8
65_aug_1604.jpg,12,23,14,28,6
65_aug_1604.jpg,23,34,14,28,5
21_aug_1401.jpg,18,29,16,29,2
21_aug_1401.jpg,29,40,16,29,1
66_aug_223.jpg,10,22,15,28,6
66_aug_223.jpg,22,34,15,28,6
84_aug_1696.jpg,12,23,20,34,8
84_aug_1696.jpg,23,34,20,34,4
36_aug_291.jpg,13,25,14,27,3
36_aug_291.jpg,25,37,14,27,6
38_aug_1788.jpg,12,23,18,30,3
38_aug_1788.jpg,23,34,18,30,8
105_aug_441.jpg,8,20,20,33,10
105_aug_441.jpg,20,31,20,33,5
94_aug_103.jpg,13,26,14,27,9
94_aug_103.jpg,25,38,14,27,4
810_aug_1483.jpg,10,22,20,32,8
810_aug_1483.jpg,23,35,20,32,10
510_aug_539.jpg,14,23,19,31,5
510_aug_539.jpg,23,32,19,31,10
65_aug_961.jpg,17,27,12,26,6
65_aug_961.jpg,27,37,12,26,5
66_aug_1048.jpg,12,23,16,30,6
66_aug_1048.jpg,23,34,16,30,6
66_aug_1305.jpg,10,20,15,27,6
66_aug_1305.jpg,20,30,15,27,6
66_aug_1429.jpg,8,20,17,30,6
66_aug_1429.jpg,20,32,17,30,6
66_aug_1465.jpg,12,24,13,27,6
66_aug_1465.jpg,24,36,13,27,6
38_aug_615.jpg,7,20,19,32,3
38_aug_615.jpg,19,32,19,32,8
85_aug_1827.jpg,10,22,20,32,8
85_aug_1827.jpg,21,32,20,32,5
66_aug_1681.jpg,13,24,16,28,6
66_aug_1681.jpg,24,35,16,28,6
1010_aug_1135.jpg,11,24,19,33,10
1010_aug_1135.jpg,24,37,19,33,10
24_aug_390.jpg,17,27,18,33,2
24_aug_390.jpg,28,38,18,33,4
35_aug_846.jpg,12,24,18,31,3
35_aug_846.jpg,25,36,18,31,5
66_aug_1930.jpg,17,28,21,35,6
66_aug_1930.jpg,28,39,21,35,6
95_aug_259.jpg,9,20,15,28,9
95_aug_259.jpg,20,30,15,28,5
82_aug_428.jpg,16,27,14,28,8
82_aug_428.jpg,27,38,14,28,2
91_aug_641.jpg,17,28,21,33,9
91_aug_641.jpg,28,39,21,33,1
66_aug_669.jpg,18,29,13,26,6
66_aug_669.jpg,29,40,13,26,6
8_aug_1863.jpg,20,32,17,31,8
75_aug_1198.jpg,11,23,23,37,7
75_aug_1198.jpg,23,35,23,37,5
37_aug_426.jpg,9,22,23,36,3
37_aug_426.jpg,23,36,23,36,7
68_aug_1357.jpg,14,26,21,33,6
68_aug_1357.jpg,27,39,21,33,8
63_aug_671.jpg,16,28,22,34,6
63_aug_671.jpg,29,41,22,34,3
66_aug_954.jpg,14,25,18,30,6
66_aug_954.jpg,25,36,18,30,6
28_aug_706.jpg,10,20,20,33,2
28_aug_706.jpg,20,30,20,33,8
98_aug_1407.jpg,8,20,18,31,9
98_aug_1407.jpg,20,32,18,31,8
67_aug_1228.jpg,18,29,21,34,6
67_aug_1228.jpg,28,39,21,34,7
67_aug_1267.jpg,8,20,19,31,6
67_aug_1267.jpg,20,32,19,31,7
67_aug_1319.jpg,17,28,22,34,6
67_aug_1319.jpg,28,39,22,34,7
67_aug_1344.jpg,13,25,14,27,6
67_aug_1344.jpg,25,37,14,27,7
67_aug_1367.jpg,9,20,22,36,6
67_aug_1367.jpg,20,31,22,36,7
76_aug_1734.jpg,16,27,20,33,7
76_aug_1734.jpg,27,38,20,33,6
67_aug_1537.jpg,15,26,16,29,6
67_aug_1537.jpg,26,37,16,29,7
4_aug_377.jpg,23,35,19,32,4
1_aug_117.jpg,25,34,20,33,1
67_aug_1922.jpg,12,22,13,27,6
67_aug_1922.jpg,22,32,13,27,7
8_aug_33.jpg,18,30,21,35,8
92_aug_1037.jpg,16,28,21,34,9
92_aug_1037.jpg,28,40,21,34,2
67_aug_21.jpg,16,27,20,33,6
67_aug_21.jpg,27,38,20,33,7
76_aug_175.jpg,15,26,17,32,7
76_aug_175.jpg,26,37,17,32,6
67_aug_481.jpg,10,20,14,26,6
67_aug_481.jpg,20,30,14,26,7
67_aug_647.jpg,13,23,18,31,6
67_aug_647.jpg,24,34,18,31,7
67_aug_715.jpg,8,19,23,35,6
67_aug_715.jpg,19,30,23,35,7
110_aug_812.jpg,19,27,19,33,1
110_aug_812.jpg,28,36,19,33,10
37_aug_1532.jpg,15,28,21,35,3
37_aug_1532.jpg,29,42,21,35,7
47_aug_827.jpg,12,25,14,28,4
47_aug_827.jpg,25,38,14,28,7
43_aug_876.jpg,15,28,18,31,4
43_aug_876.jpg,28,41,18,31,3
65_aug_711.jpg,10,20,23,35,6
65_aug_711.jpg,20,30,23,35,5
68_aug_1905.jpg,9,19,22,36,6
68_aug_1905.jpg,20,30,22,36,8
68_aug_278.jpg,9,19,23,35,6
68_aug_278.jpg,20,30,23,35,8
2_aug_236.jpg,23,34,16,29,2
86_aug_1974.jpg,16,29,19,32,8
86_aug_1974.jpg,29,42,19,32,6
93_aug_1010.jpg,17,29,14,26,9
93_aug_1010.jpg,29,41,14,26,3
68_aug_639.jpg,18,28,13,26,6
68_aug_639.jpg,29,39,13,26,8
82_aug_1500.jpg,8,21,14,28,8
82_aug_1500.jpg,21,34,14,28,2
31_aug_1781.jpg,13,26,14,27,3
31_aug_1781.jpg,25,38,14,27,1
68_aug_874.jpg,14,24,20,32,6
68_aug_874.jpg,26,36,20,32,8
68_aug_875.jpg,15,27,23,37,6
68_aug_875.jpg,28,40,23,37,8
16_aug_1774.jpg,16,24,15,29,1
16_aug_1774.jpg,25,33,15,29,6
41_aug_231.jpg,16,27,19,32,4
41_aug_231.jpg,27,38,19,32,1
95_aug_598.jpg,15,27,20,33,9
95_aug_598.jpg,27,38,20,33,5
69_aug_1547.jpg,14,25,21,34,6
69_aug_1547.jpg,26,37,21,34,9
32_aug_1495.jpg,6,19,16,29,3
32_aug_1495.jpg,19,32,16,29,2
5_aug_887.jpg,25,34,19,33,5
6_aug_1266.jpg,18,28,18,30,6
69_aug_807.jpg,12,22,21,33,6
69_aug_807.jpg,23,33,21,33,9
69_aug_832.jpg,10,22,21,35,6
69_aug_832.jpg,23,35,21,35,9
35_aug_1395.jpg,11,23,16,30,3
35_aug_1395.jpg,23,34,16,30,5
54_aug_7.jpg,11,21,13,27,5
54_aug_7.jpg,21,31,13,27,4
6_aug_1003.jpg,15,25,15,29,6
103_aug_1647.jpg,15,28,17,30,10
103_aug_1647.jpg,28,41,17,30,3
6_aug_1114.jpg,19,31,13,27,6
12_aug_168.jpg,18,28,15,28,1
12_aug_168.jpg,28,38,15,28,2
69_aug_986.jpg,17,27,20,33,6
69_aug_986.jpg,28,38,20,33,9
7_aug_914.jpg,20,31,16,29,7
6_aug_1566.jpg,17,27,17,31,6
910_aug_956.jpg,12,25,15,28,9
910_aug_956.jpg,25,38,15,28,10
6_aug_1988.jpg,23,33,14,28,6
16_aug_1001.jpg,15,25,13,27,1
16_aug_1001.jpg,25,35,13,27,6
6_aug_224.jpg,22,34,23,36,6
6_aug_902.jpg,20,30,17,30,6
62_aug_305.jpg,8,20,20,33,6
62_aug_305.jpg,20,32,20,33,2
710_aug_121.jpg,17,29,16,29,7
710_aug_121.jpg,29,41,16,29,10
38_aug_672.jpg,9,20,20,34,3
38_aug_672.jpg,20,31,20,34,8
710_aug_1622.jpg,9,20,23,36,7
710_aug_1622.jpg,21,32,23,36,10
710_aug_1628.jpg,11,23,22,37,7
710_aug_1628.jpg,24,36,22,37,10
710_aug_1641.jpg,18,29,15,30,7
710_aug_1641.jpg,30,41,15,30,10
710_aug_1790.jpg,9,20,21,36,7
710_aug_1790.jpg,20,31,21,36,10
72_aug_1823.jpg,12,23,21,34,7
72_aug_1823.jpg,22,33,21,34,2
78_aug_1706.jpg,13,25,21,34,7
78_aug_1706.jpg,25,37,21,34,8
87_aug_1555.jpg,12,24,14,27,8
87_aug_1555.jpg,23,35,14,27,7
710_aug_267.jpg,16,26,18,32,7
710_aug_267.jpg,27,37,18,32,10
22_aug_590.jpg,19,29,21,36,2
22_aug_590.jpg,29,39,21,36,2
89_aug_1219.jpg,10,21,12,26,8
89_aug_1219.jpg,21,32,12,26,9
103_aug_879.jpg,8,19,20,35,10
103_aug_879.jpg,20,31,20,35,3
710_aug_617.jpg,9,20,20,35,7
710_aug_617.jpg,20,31,20,35,10
710_aug_649.jpg,17,29,22,35,7
710_aug_649.jpg,30,42,22,35,10
19_aug_64.jpg,12,21,14,27,1
19_aug_64.jpg,22,31,14,27,9
10_aug_1926.jpg,14,26,20,35,10
79_aug_804.jpg,13,24,21,36,7
79_aug_804.jpg,25,36,21,36,9
76_aug_877.jpg,14,24,20,34,7
76_aug_877.jpg,24,34,20,34,6
71_aug_1419.jpg,9,21,17,31,7
71_aug_1419.jpg,21,33,17,31,1
71_aug_1420.jpg,18,29,19,32,7
71_aug_1420.jpg,29,40,19,32,1
71_aug_1476.jpg,7,19,18,33,7
71_aug_1476.jpg,19,31,18,33,1
71_aug_1494.jpg,19,29,21,34,7
71_aug_1494.jpg,29,39,21,34,1
47_aug_1330.jpg,14,27,19,31,4
47_aug_1330.jpg,27,40,19,31,7
71_aug_1643.jpg,11,22,20,35,7
71_aug_1643.jpg,22,33,20,35,1
71_aug_1732.jpg,15,25,14,27,7
71_aug_1732.jpg,25,35,14,27,1
23_aug_903.jpg,10,21,17,30,2
23_aug_903.jpg,22,33,17,30,3
21_aug_1671.jpg,11,23,16,30,2
21_aug_1671.jpg,22,34,16,30,1
71_aug_1891.jpg,13,25,19,33,7
71_aug_1891.jpg,24,36,19,33,1
46_aug_31.jpg,13,25,22,35,4
46_aug_31.jpg,25,37,22,35,6
310_aug_1361.jpg,10,22,18,30,3
310_aug_1361.jpg,22,34,18,30,10
71_aug_216.jpg,9,20,20,35,7
71_aug_216.jpg,20,31,20,35,1
44_aug_1433.jpg,7,19,20,34,4
44_aug_1433.jpg,19,31,20,34,4
71_aug_554.jpg,15,26,17,31,7
71_aug_554.jpg,26,37,17,31,1
62_aug_1981.jpg,16,28,16,28,6
62_aug_1981.jpg,27,39,16,28,2
48_aug_757.jpg,18,29,14,28,4
48_aug_757.jpg,29,40,14,28,8
72_aug_262.jpg,19,30,14,28,7
72_aug_262.jpg,29,40,14,28,2
1010_aug_1933.jpg,12,25,13,28,10
1010_aug_1933.jpg,25,38,13,28,10
58_aug_389.jpg,15,25,20,34,5
58_aug_389.jpg,25,35,20,34,8
72_aug_1083.jpg,9,21,22,35,7
72_aug_1083.jpg,21,33,22,35,2
72_aug_1143.jpg,9,20,22,35,7
72_aug_1143.jpg,20,31,22,35,2
72_aug_1249.jpg,11,23,14,29,7
72_aug_1249.jpg,23,35,14,29,2
109_aug_1036.jpg,8,20,22,36,10
109_aug_1036.jpg,20,32,22,36,9
9_aug_577.jpg,19,32,23,36,9
12_aug_1869.jpg,19,27,18,31,1
12_aug_1869.jpg,27,35,18,31,2
910_aug_1667.jpg,17,28,16,29,9
910_aug_1667.jpg,29,40,16,29,10
72_aug_48.jpg,16,26,22,36,7
72_aug_48.jpg,26,36,22,36,2
72_aug_521.jpg,9,19,19,33,7
72_aug_521.jpg,19,29,19,33,2
72_aug_561.jpg,14,26,18,31,7
72_aug_561.jpg,26,38,18,31,2
72_aug_592.jpg,15,25,20,35,7
72_aug_592.jpg,25,35,20,35,2
72_aug_602.jpg,14,24,20,33,7
72_aug_602.jpg,24,34,20,33,2
72_aug_718.jpg,16,27,14,29,7
72_aug_718.jpg,27,38,14,29,2
5_aug_179.jpg,18,27,21,35,5
12_aug_1711.jpg,12,21,19,31,1
12_aug_1711.jpg,21,30,19,31,2
25_aug_1662.jpg,14,26,14,28,2
25_aug_1662.jpg,26,38,14,28,5
75_aug_953.jpg,15,25,17,32,7
75_aug_953.jpg,25,35,17,32,5
73_aug_1434.jpg,10,21,19,32,7
73_aug_1434.jpg,23,34,19,32,3
73_aug_1570.jpg,12,23,20,34,7
73_aug_1570.jpg,24,35,20,34,3
65_aug_945.jpg,13,23,19,33,6
65_aug_945.jpg,23,33,19,33,5
32_aug_1919.jpg,7,20,16,30,3
32_aug_1919.jpg,20,33,16,30,2
73_aug_1936.jpg,14,25,19,34,7
73_aug_1936.jpg,26,37,19,34,3
12_aug_705.jpg,15,25,17,30,1
12_aug_705.jpg,25,35,17,30,2
56_aug_1389.jpg,20,29,16,28,5
56_aug_1389.jpg,29,38,16,28,6
19_aug_883.jpg,15,25,18,32,1
19_aug_883.jpg,26,36,18,32,9
73_aug_440.jpg,9,21,20,33,7
73_aug_440.jpg,21,33,20,33,3
96_aug_1288.jpg,16,27,16,29,9
96_aug_1288.jpg,27,38,16,29,6
14_aug_753.jpg,13,22,21,33,1
14_aug_753.jpg,22,31,21,33,4
83_aug_1212.jpg,11,24,17,31,8
83_aug_1212.jpg,24,37,17,31,3
92_aug_1577.jpg,14,26,18,31,9
92_aug_1577.jpg,27,39,18,31,2
910_aug_707.jpg,17,28,18,31,9
910_aug_707.jpg,29,40,18,31,10
79_aug_1142.jpg,14,25,22,36,7
79_aug_1142.jpg,26,37,22,36,9
74_aug_1513.jpg,17,27,19,33,7
74_aug_1513.jpg,29,39,19,33,4
18_aug_1927.jpg,20,29,17,30,1
18_aug_1927.jpg,30,39,17,30,8
74_aug_1920.jpg,14,26,23,36,7
74_aug_1920.jpg,27,39,23,36,4
22_aug_385.jpg,13,23,18,31,2
22_aug_385.jpg,23,33,18,31,2
51_aug_746.jpg,10,21,20,33,5
51_aug_746.jpg,20,31,20,33,1
96_aug_1089.jpg,13,26,15,27,9
96_aug_1089.jpg,26,39,15,27,6
74_aug_355.jpg,10,21,18,33,7
74_aug_355.jpg,22,33,18,33,4
74_aug_453.jpg,10,21,12,27,7
74_aug_453.jpg,22,33,12,27,4
210_aug_866.jpg,15,25,21,36,2
210_aug_866.jpg,26,36,21,36,10
35_aug_1396.jpg,12,24,16,28,3
35_aug_1396.jpg,24,35,16,28,5
8_aug_673.jpg,15,28,21,35,8
68_aug_54.jpg,18,28,15,29,6
68_aug_54.jpg,29,39,15,29,8
37_aug_856.jpg,11,24,14,28,3
37_aug_856.jpg,24,37,14,28,7
35_aug_918.jpg,15,27,16,30,3
35_aug_918.jpg,27,38,16,30,5
75_aug_1670.jpg,13,24,23,37,7
75_aug_1670.jpg,23,34,23,37,5
39_aug_946.jpg,10,23,21,33,3
39_aug_946.jpg,22,35,21,33,9
72_aug_427.jpg,17,28,17,30,7
72_aug_427.jpg,28,39,17,30,2
35_aug_907.jpg,18,29,13,26,3
35_aug_907.jpg,29,39,13,26,5
38_aug_873.jpg,9,21,16,29,3
38_aug_873.jpg,20,32,16,29,8
5_aug_526.jpg,22,33,22,34,5
75_aug_982.jpg,15,26,16,29,7
75_aug_982.jpg,26,37,16,29,5
610_aug_678.jpg,14,25,13,26,6
610_aug_678.jpg,26,37,13,26,10
76_aug_1155.jpg,16,27,19,34,7
76_aug_1155.jpg,27,38,19,34,6
76_aug_1268.jpg,10,20,17,30,7
76_aug_1268.jpg,21,31,17,30,6
76_aug_1285.jpg,14,26,22,37,7
76_aug_1285.jpg,26,38,22,37,6
610_aug_889.jpg,11,21,14,27,6
610_aug_889.jpg,22,32,14,27,10
76_aug_1624.jpg,11,21,20,34,7
76_aug_1624.jpg,22,32,20,34,6
78_aug_997.jpg,7,19,22,36,7
78_aug_997.jpg,20,32,22,36,8
71_aug_606.jpg,10,22,17,30,7
71_aug_606.jpg,22,34,17,30,1
101_aug_1105.jpg,16,28,17,31,10
101_aug_1105.jpg,27,39,17,31,1
24_aug_1626.jpg,9,20,22,35,2
24_aug_1626.jpg,22,33,22,35,4
34_aug_780.jpg,9,21,21,34,3
34_aug_780.jpg,22,34,21,34,4
76_aug_258.jpg,15,25,21,36,7
76_aug_258.jpg,25,35,21,36,6
61_aug_1573.jpg,10,22,18,30,6
61_aug_1573.jpg,22,34,18,30,1
76_aug_391.jpg,17,29,16,30,7
76_aug_391.jpg,29,41,16,30,6
33_aug_990.jpg,8,21,12,26,3
33_aug_990.jpg,21,34,12,26,3
74_aug_65.jpg,10,21,21,34,7
74_aug_65.jpg,21,32,21,34,4
14_aug_1148.jpg,16,25,14,28,1
14_aug_1148.jpg,26,35,14,28,4
77_aug_1020.jpg,10,21,22,36,7
77_aug_1020.jpg,21,32,22,36,7
77_aug_1095.jpg,18,28,13,28,7
77_aug_1095.jpg,28,38,13,28,7
3_aug_1672.jpg,21,32,14,26,3
77_aug_1355.jpg,15,26,14,29,7
77_aug_1355.jpg,26,37,14,29,7
47_aug_1399.jpg,15,28,17,29,4
47_aug_1399.jpg,28,41,17,29,7
77_aug_1872.jpg,17,29,19,32,7
77_aug_1872.jpg,29,41,19,32,7
25_aug_61.jpg,19,29,17,32,2
25_aug_61.jpg,29,39,17,32,5
77_aug_1895.jpg,17,27,16,30,7
77_aug_1895.jpg,27,37,16,30,7
74_aug_1302.jpg,13,24,17,32,7
74_aug_1302.jpg,25,36,17,32,4
42_aug_1244.jpg,7,19,15,28,4
42_aug_1244.jpg,19,31,15,28,2
77_aug_1951.jpg,8,20,14,29,7
77_aug_1951.jpg,20,32,14,29,7
77_aug_317.jpg,19,29,19,32,7
77_aug_317.jpg,29,39,19,32,7
41_aug_482.jpg,7,20,14,27,4
41_aug_482.jpg,19,32,14,27,1
65_aug_458.jpg,16,28,16,29,6
65_aug_458.jpg,28,40,16,29,5
38_aug_1137.jpg,17,28,16,30,3
38_aug_1137.jpg,28,39,16,30,8
78_aug_1250.jpg,11,22,18,31,7
78_aug_1250.jpg,23,34,18,31,8
98_aug_777.jpg,8,21,19,32,9
98_aug_777.jpg,20,33,19,32,8
48_aug_670.jpg,9,21,18,30,4
48_aug_670.jpg,21,33,18,30,8
65_aug_1526.jpg,13,24,20,32,6
65_aug_1526.jpg,23,34,20,32,5
78_aug_337.jpg,7,19,21,35,7
78_aug_337.jpg,20,32,21,35,8
6_aug_1340.jpg,14,26,20,33,6
105_aug_1334.jpg,16,28,22,37,10
105_aug_1334.jpg,28,39,22,37,5
6_aug_203.jpg,19,30,14,27,6
29_aug_102.jpg,15,26,16,31,2
29_aug_102.jpg,26,37,16,31,9
48_aug_534.jpg,14,27,22,36,4
48_aug_534.jpg,27,40,22,36,8
55_aug_507.jpg,11,21,22,35,5
55_aug_507.jpg,20,29,22,35,5
79_aug_1189.jpg,17,29,20,35,7
79_aug_1189.jpg,30,42,20,35,9
5_aug_1745.jpg,16,26,16,29,5
51_aug_197.jpg,20,30,15,27,5
51_aug_197.jpg,29,39,15,27,1
79_aug_1862.jpg,11,23,21,34,7
79_aug_1862.jpg,24,36,21,34,9
79_aug_1878.jpg,14,25,23,36,7
79_aug_1878.jpg,26,37,23,36,9
79_aug_323.jpg,14,25,21,35,7
79_aug_323.jpg,26,37,21,35,9
56_aug_1090.jpg,15,26,14,26,5
56_aug_1090.jpg,26,37,14,26,6
510_aug_1549.jpg,19,28,14,28,5
510_aug_1549.jpg,28,37,14,28,10
34_aug_189.jpg,17,29,21,35,3
34_aug_189.jpg,29,41,21,35,4
79_aug_657.jpg,14,24,23,36,7
79_aug_657.jpg,25,35,23,36,9
79_aug_975.jpg,9,21,15,28,7
79_aug_975.jpg,22,34,15,28,9
7_aug_1004.jpg,17,29,22,37,7
2_aug_200.jpg,22,32,23,36,2
7_aug_1438.jpg,17,28,18,31,7
7_aug_1497.jpg,20,31,20,35,7
73_aug_1717.jpg,11,22,18,33,7
73_aug_1717.jpg,23,34,18,33,3
7_aug_285.jpg,14,25,18,33,7
34_aug_1957.jpg,11,24,14,27,3
34_aug_1957.jpg,24,37,14,27,4
84_aug_96.jpg,13,25,20,33,8
84_aug_96.jpg,25,37,20,33,4
7_aug_477.jpg,21,33,21,35,7
7_aug_545.jpg,21,32,20,35,7
7_aug_653.jpg,21,33,14,27,7
7_aug_76.jpg,23,33,18,32,7
75_aug_1374.jpg,17,27,18,31,7
75_aug_1374.jpg,27,37,18,31,5
57_aug_632.jpg,18,28,19,32,5
57_aug_632.jpg,28,38,19,32,7
510_aug_751.jpg,19,30,15,27,5
510_aug_751.jpg,30,41,15,27,10
52_aug_1652.jpg,20,30,19,33,5
52_aug_1652.jpg,30,40,19,33,2
7_aug_949.jpg,18,29,19,32,7
5_aug_1360.jpg,24,34,16,28,5
810_aug_1064.jpg,14,25,18,31,8
810_aug_1064.jpg,25,36,18,31,10
810_aug_1338.jpg,15,27,20,33,8
810_aug_1338.jpg,27,39,20,33,10
66_aug_455.jpg,8,19,14,26,6
66_aug_455.jpg,20,31,14,26,6
74_aug_834.jpg,15,26,15,28,7
74_aug_834.jpg,27,38,15,28,4
810_aug_1371.jpg,9,22,18,31,8
810_aug_1371.jpg,22,35,18,31,10
510_aug_476.jpg,11,20,15,29,5
510_aug_476.jpg,20,29,15,29,10
810_aug_1515.jpg,18,29,15,29,8
810_aug_1515.jpg,29,40,15,29,10
810_aug_1729.jpg,9,22,20,33,8
810_aug_1729.jpg,22,35,20,33,10
6_aug_154.jpg,14,25,14,28,6
34_aug_1413.jpg,12,23,17,30,3
34_aug_1413.jpg,23,34,17,30,4
810_aug_548.jpg,10,23,19,33,8
810_aug_548.jpg,23,36,19,33,10
810_aug_564.jpg,16,27,16,30,8
810_aug_564.jpg,27,38,16,30,10
810_aug_662.jpg,12,25,21,35,8
810_aug_662.jpg,25,38,21,35,10
19_aug_356.jpg,15,23,19,33,1
19_aug_356.jpg,24,32,19,33,9
810_aug_1035.jpg,16,27,23,36,8
810_aug_1035.jpg,27,38,23,36,10
85_aug_909.jpg,17,28,20,33,8
85_aug_909.jpg,28,38,20,33,5
81_aug_1123.jpg,16,28,18,31,8
81_aug_1123.jpg,28,40,18,31,1
27_aug_1971.jpg,12,24,14,28,2
27_aug_1971.jpg,24,36,14,28,7
67_aug_923.jpg,13,23,16,29,6
67_aug_923.jpg,23,33,16,29,7
19_aug_456.jpg,16,25,18,31,1
19_aug_456.jpg,26,35,18,31,9
4_aug_799.jpg,23,34,21,35,4
106_aug_1972.jpg,13,24,13,27,10
106_aug_1972.jpg,25,36,13,27,6
93_aug_1748.jpg,14,27,16,30,9
93_aug_1748.jpg,27,40,16,30,3
13_aug_407.jpg,20,30,20,33,1
13_aug_407.jpg,31,41,20,33,3
18_aug_1474.jpg,15,23,14,27,1
18_aug_1474.jpg,24,32,14,27,8
73_aug_399.jpg,17,29,22,36,7
73_aug_399.jpg,29,41,22,36,3
82_aug_1299.jpg,9,20,19,32,8
82_aug_1299.jpg,20,31,19,32,2
68_aug_743.jpg,9,20,17,30,6
68_aug_743.jpg,21,32,17,30,8
47_aug_811.jpg,10,22,19,31,4
47_aug_811.jpg,22,34,19,31,7
82_aug_1524.jpg,13,26,18,31,8
82_aug_1524.jpg,26,39,18,31,2
39_aug_853.jpg,7,19,13,26,3
39_aug_853.jpg,19,31,13,26,9
82_aug_1591.jpg,13,25,22,34,8
82_aug_1591.jpg,25,37,22,34,2
82_aug_177.jpg,12,25,18,31,8
82_aug_177.jpg,24,37,18,31,2
82_aug_1830.jpg,8,20,21,33,8
82_aug_1830.jpg,20,32,21,33,2
1010_aug_1770.jpg,16,29,16,31,10
1010_aug_1770.jpg,29,42,16,31,10
61_aug_1967.jpg,14,26,20,32,6
61_aug_1967.jpg,26,38,20,32,1
42_aug_1270.jpg,13,26,12,26,4
42_aug_1270.jpg,26,39,12,26,2
83_aug_1002.jpg,18,29,19,33,8
83_aug_1002.jpg,29,40,19,33,3
103_aug_1165.jpg,9,21,21,34,10
103_aug_1165.jpg,21,33,21,34,3
83_aug_1221.jpg,16,28,14,28,8
83_aug_1221.jpg,28,40,14,28,3
83_aug_1247.jpg,16,28,21,35,8
83_aug_1247.jpg,28,40,21,35,3
83_aug_1358.jpg,11,22,15,28,8
83_aug_1358.jpg,22,33,15,28,3
63_aug_1236.jpg,16,28,17,30,6
63_aug_1236.jpg,29,41,17,30,3
83_aug_1775.jpg,8,19,15,29,8
83_aug_1775.jpg,20,31,15,29,3
68_aug_372.jpg,10,21,15,29,6
68_aug_372.jpg,22,33,15,29,8
95_aug_1194.jpg,8,19,19,32,9
95_aug_1194.jpg,20,30,19,32,5
84_aug_1168.jpg,17,29,23,35,8
84_aug_1168.jpg,29,41,23,35,4
84_aug_137.jpg,15,28,15,28,8
84_aug_137.jpg,28,41,15,28,4
38_aug_442.jpg,10,22,20,33,3
38_aug_442.jpg,22,34,20,33,8
64_aug_1739.jpg,10,21,18,31,6
64_aug_1739.jpg,22,33,18,31,4
53_aug_1243.jpg,14,25,14,26,5
53_aug_1243.jpg,24,35,14,26,3
19_aug_1224.jpg,16,26,23,35,1
19_aug_1224.jpg,26,36,23,35,9
65_aug_1676.jpg,12,23,18,32,6
65_aug_1676.jpg,24,35,18,32,5
84_aug_1584.jpg,13,26,14,26,8
84_aug_1584.jpg,26,39,14,26,4
84_aug_1692.jpg,17,28,18,32,8
84_aug_1692.jpg,28,39,18,32,4
84_aug_1386.jpg,10,23,19,31,8
84_aug_1386.jpg,22,35,19,31,4
84_aug_1771.jpg,14,26,17,31,8
84_aug_1771.jpg,26,38,17,31,4
84_aug_234.jpg,17,28,21,34,8
84_aug_234.jpg,28,39,21,34,4
11_aug_1164.jpg,17,26,16,28,1
11_aug_1164.jpg,27,36,16,28,1
98_aug_1658.jpg,17,28,13,27,9
98_aug_1658.jpg,28,39,13,27,8
84_aug_789.jpg,15,28,22,34,8
84_aug_789.jpg,28,41,22,34,4
7_aug_319.jpg,18,29,17,30,7
84_aug_99.jpg,16,28,21,33,8
84_aug_99.jpg,27,39,21,33,4
28_aug_1307.jpg,17,27,22,37,2
28_aug_1307.jpg,28,38,22,37,8
85_aug_1255.jpg,11,24,13,27,8
85_aug_1255.jpg,24,36,13,27,5
85_aug_237.jpg,12,23,21,34,8
85_aug_237.jpg,23,33,21,34,5
96_aug_295.jpg,14,26,14,28,9
96_aug_295.jpg,26,38,14,28,6
66_aug_1653.jpg,16,27,19,33,6
66_aug_1653.jpg,26,37,19,33,6
66_aug_1592.jpg,10,22,19,33,6
66_aug_1592.jpg,22,34,19,33,6
107_aug_41.jpg,15,26,15,29,10
107_aug_41.jpg,26,37,15,29,7
81_aug_1578.jpg,8,21,21,33,8
81_aug_1578.jpg,20,33,21,33,1
33_aug_1825.jpg,12,23,17,31,3
33_aug_1825.jpg,23,34,17,31,3
85_aug_709.jpg,11,22,21,34,8
85_aug_709.jpg,22,32,21,34,5
85_aug_756.jpg,12,25,23,36,8
85_aug_756.jpg,25,37,23,36,5
85_aug_885.jpg,7,20,19,31,8
85_aug_885.jpg,20,32,19,31,5
710_aug_333.jpg,19,30,13,27,7
710_aug_333.jpg,30,41,13,27,10
86_aug_1063.jpg,17,28,17,30,8
86_aug_1063.jpg,29,40,17,30,6
86_aug_1184.jpg,9,22,14,28,8
86_aug_1184.jpg,22,35,14,28,6
57_aug_579.jpg,16,26,15,27,5
57_aug_579.jpg,26,36,15,27,7
2_aug_1245.jpg,20,31,21,34,2
35_aug_1850.jpg,9,21,16,29,3
35_aug_1850.jpg,20,31,16,29,5
105_aug_220.jpg,9,22,16,31,10
105_aug_220.jpg,22,34,16,31,5
86_aug_1990.jpg,15,28,21,35,8
86_aug_1990.jpg,28,41,21,35,6
87_aug_269.jpg,15,27,17,30,8
87_aug_269.jpg,27,39,17,30,7
42_aug_1007.jpg,9,20,21,34,4
42_aug_1007.jpg,20,31,21,34,2
95_aug_430.jpg,12,23,16,28,9
95_aug_430.jpg,23,33,16,28,5
87_aug_1031.jpg,6,19,21,34,8
87_aug_1031.jpg,19,32,21,34,7
66_aug_437.jpg,12,22,20,33,6
66_aug_437.jpg,22,32,20,33,6
87_aug_112.jpg,9,21,16,29,8
87_aug_112.jpg,21,33,16,29,7
42_aug_1631.jpg,9,22,20,34,4
42_aug_1631.jpg,21,34,20,34,2
86_aug_841.jpg,10,23,17,30,8
86_aug_841.jpg,23,36,17,30,6
2_aug_44.jpg,23,33,15,28,2
49_aug_1900.jpg,10,21,20,33,4
49_aug_1900.jpg,20,31,20,33,9
59_aug_30.jpg,19,28,13,27,5
59_aug_30.jpg,28,37,13,27,9
87_aug_307.jpg,14,27,20,34,8
87_aug_307.jpg,27,40,20,34,7
87_aug_381.jpg,8,19,13,27,8
87_aug_381.jpg,20,31,13,27,7
87_aug_383.jpg,16,28,21,34,8
87_aug_383.jpg,28,40,21,34,7
69_aug_417.jpg,16,28,18,31,6
69_aug_417.jpg,29,41,18,31,9
87_aug_509.jpg,16,27,18,31,8
87_aug_509.jpg,27,38,18,31,7
87_aug_552.jpg,7,20,23,36,8
87_aug_552.jpg,20,33,23,36,7
87_aug_900.jpg,14,25,21,34,8
87_aug_900.jpg,25,36,21,34,7
44_aug_1230.jpg,13,25,22,35,4
44_aug_1230.jpg,25,37,22,35,4
88_aug_106.jpg,12,24,16,30,8
88_aug_106.jpg,24,36,16,30,8
88_aug_1061.jpg,11,22,23,36,8
88_aug_1061.jpg,22,33,23,36,8
45_aug_1822.jpg,12,24,17,30,4
45_aug_1822.jpg,25,36,17,30,5
88_aug_1187.jpg,14,27,21,34,8
88_aug_1187.jpg,27,40,21,34,8
88_aug_1284.jpg,7,19,18,31,8
88_aug_1284.jpg,19,31,18,31,8
95_aug_1527.jpg,10,22,17,30,9
95_aug_1527.jpg,22,33,17,30,5
5_aug_169.jpg,21,31,16,30,5
88_aug_271.jpg,14,25,19,31,8
88_aug_271.jpg,25,36,19,31,8
61_aug_1117.jpg,18,28,23,36,6
61_aug_1117.jpg,29,39,23,36,1
89_aug_315.jpg,12,23,17,29,8
89_aug_315.jpg,23,34,17,29,9
27_aug_75.jpg,14,24,22,36,2
27_aug_75.jpg,24,34,22,36,7
6_aug_1044.jpg,20,31,15,28,6
102_aug_1636.jpg,17,29,19,33,10
102_aug_1636.jpg,29,41,19,33,2
88_aug_685.jpg,10,23,21,34,8
88_aug_685.jpg,23,36,21,34,8
88_aug_69.jpg,9,22,13,27,8
88_aug_69.jpg,22,35,13,27,8
88_aug_957.jpg,15,26,18,30,8
88_aug_957.jpg,26,37,18,30,8
44_aug_1529.jpg,8,19,17,30,4
44_aug_1529.jpg,19,30,17,30,4
610_aug_722.jpg,11,22,17,31,6
610_aug_722.jpg,23,34,17,31,10
89_aug_1220.jpg,10,22,20,32,8
89_aug_1220.jpg,22,34,20,32,9
89_aug_1378.jpg,15,28,15,27,8
89_aug_1378.jpg,28,41,15,27,9
89_aug_142.jpg,12,24,19,31,8
89_aug_142.jpg,23,35,19,31,9
47_aug_235.jpg,6,19,16,29,4
47_aug_235.jpg,19,32,16,29,7
89_aug_1654.jpg,15,28,14,28,8
89_aug_1654.jpg,27,40,14,28,9
89_aug_1735.jpg,12,25,15,28,8
89_aug_1735.jpg,25,38,15,28,9
89_aug_1795.jpg,12,24,17,30,8
89_aug_1795.jpg,24,36,17,30,9
89_aug_1965.jpg,17,29,19,33,8
89_aug_1965.jpg,28,40,19,33,9
36_aug_1948.jpg,7,20,14,27,3
36_aug_1948.jpg,20,33,14,27,6
69_aug_948.jpg,16,28,17,30,6
69_aug_948.jpg,28,40,17,30,9
89_aug_436.jpg,17,28,23,35,8
89_aug_436.jpg,28,39,23,35,9
89_aug_472.jpg,13,25,20,34,8
89_aug_472.jpg,25,37,20,34,9
95_aug_839.jpg,12,25,13,27,9
95_aug_839.jpg,25,37,13,27,5
31_aug_138.jpg,9,22,15,29,3
31_aug_138.jpg,20,33,15,29,1
89_aug_793.jpg,17,29,20,34,8
89_aug_793.jpg,28,40,20,34,9
8_aug_1242.jpg,15,28,14,26,8
510_aug_1108.jpg,10,20,15,27,5
510_aug_1108.jpg,21,31,15,27,10
8_aug_1534.jpg,18,29,19,31,8
56_aug_1088.jpg,14,23,15,29,5
56_aug_1088.jpg,23,32,15,29,6
26_aug_1052.jpg,9,21,20,35,2
26_aug_1052.jpg,20,32,20,35,6
44_aug_496.jpg,9,20,16,28,4
44_aug_496.jpg,20,31,16,28,4
8_aug_227.jpg,21,33,24,36,8
8_aug_45.jpg,17,29,19,31,8
99_aug_1092.jpg,10,22,17,30,9
99_aug_1092.jpg,22,34,17,30,9
3_aug_1956.jpg,21,34,14,27,3
8_aug_808.jpg,14,26,14,26,8
210_aug_359.jpg,13,24,14,28,2
210_aug_359.jpg,24,35,14,28,10
73_aug_66.jpg,18,29,15,29,7
73_aug_66.jpg,30,41,15,29,3
107_aug_1418.jpg,8,20,20,33,10
107_aug_1418.jpg,19,31,20,33,7
910_aug_1512.jpg,10,22,19,33,9
910_aug_1512.jpg,22,34,19,33,10
36_aug_1840.jpg,10,22,20,34,3
36_aug_1840.jpg,22,34,20,34,6
9_aug_528.jpg,15,26,17,30,9
74_aug_195.jpg,9,19,20,33,7
74_aug_195.jpg,20,30,20,33,4
910_aug_326.jpg,6,19,17,31,9
910_aug_326.jpg,19,32,17,31,10
910_aug_392.jpg,10,22,13,27,9
910_aug_392.jpg,22,34,13,27,10
86_aug_1902.jpg,14,25,21,33,8
86_aug_1902.jpg,25,36,21,33,6
42_aug_1134.jpg,9,20,21,34,4
42_aug_1134.jpg,20,31,21,34,2
78_aug_1697.jpg,14,24,19,34,7
78_aug_1697.jpg,25,35,19,34,8
91_aug_1521.jpg,15,26,16,30,9
91_aug_1521.jpg,26,37,16,30,1
98_aug_1097.jpg,12,24,16,28,9
98_aug_1097.jpg,24,36,16,28,8
103_aug_1248.jpg,7,19,16,31,10
103_aug_1248.jpg,19,31,16,31,3
84_aug_640.jpg,16,27,17,29,8
84_aug_640.jpg,27,38,17,29,4
96_aug_1136.jpg,11,22,19,33,9
96_aug_1136.jpg,22,33,19,33,6
91_aug_1915.jpg,13,26,15,29,9
91_aug_1915.jpg,25,38,15,29,1
91_aug_254.jpg,17,28,18,31,9
91_aug_254.jpg,27,38,18,31,1
65_aug_1664.jpg,18,28,21,35,6
65_aug_1664.jpg,28,38,21,35,5
91_aug_487.jpg,13,25,13,26,9
91_aug_487.jpg,25,37,13,26,1
91_aug_532.jpg,16,28,18,31,9
91_aug_532.jpg,26,38,18,31,1
18_aug_434.jpg,13,21,18,30,1
18_aug_434.jpg,23,31,18,30,8
105_aug_398.jpg,8,19,16,31,10
105_aug_398.jpg,19,29,16,31,5
91_aug_703.jpg,7,20,17,31,9
91_aug_703.jpg,19,32,17,31,1
91_aug_822.jpg,8,21,15,29,9
91_aug_822.jpg,20,33,15,29,1
56_aug_74.jpg,12,21,20,32,5
56_aug_74.jpg,21,30,20,32,6
810_aug_1354.jpg,12,23,16,29,8
810_aug_1354.jpg,24,35,16,29,10
79_aug_1459.jpg,9,19,16,29,7
79_aug_1459.jpg,20,30,16,29,9
92_aug_1393.jpg,13,25,18,30,9
92_aug_1393.jpg,25,37,18,30,2
92_aug_1623.jpg,14,26,17,30,9
92_aug_1623.jpg,25,37,17,30,2
83_aug_810.jpg,13,26,21,34,8
83_aug_810.jpg,26,39,21,34,3
92_aug_433.jpg,15,27,21,34,9
92_aug_433.jpg,27,39,21,34,2
410_aug_942.jpg,13,25,18,31,4
410_aug_942.jpg,25,37,18,31,10
104_aug_558.jpg,12,23,14,28,10
104_aug_558.jpg,23,34,14,28,4
97_aug_292.jpg,12,25,17,30,9
97_aug_292.jpg,25,38,17,30,7
32_aug_935.jpg,16,29,18,31,3
32_aug_935.jpg,29,42,18,31,2
66_aug_1691.jpg,13,23,17,31,6
66_aug_1691.jpg,23,33,17,31,6
103_aug_1177.jpg,12,24,22,37,10
103_aug_1177.jpg,23,35,22,37,3
99_aug_1040.jpg,17,28,14,27,9
99_aug_1040.jpg,28,39,14,27,9
7_aug_473.jpg,23,35,23,36,7
7_aug_1060.jpg,20,31,22,36,7
93_aug_1350.jpg,14,27,21,34,9
93_aug_1350.jpg,27,40,21,34,3
32_aug_782.jpg,11,24,16,29,3
32_aug_782.jpg,24,37,16,29,2
81_aug_852.jpg,9,20,22,35,8
81_aug_852.jpg,19,30,22,35,1
93_aug_199.jpg,10,21,20,32,9
93_aug_199.jpg,22,33,20,32,3
63_aug_1666.jpg,16,28,20,32,6
63_aug_1666.jpg,29,41,20,32,3
94_aug_364.jpg,8,21,20,34,9
94_aug_364.jpg,22,35,20,34,4
93_aug_341.jpg,9,21,14,26,9
93_aug_341.jpg,21,33,14,26,3
93_aug_35.jpg,14,25,21,35,9
93_aug_35.jpg,25,36,21,35,3
106_aug_891.jpg,12,23,18,32,10
106_aug_891.jpg,23,34,18,32,6
93_aug_781.jpg,18,29,18,31,9
93_aug_781.jpg,29,40,18,31,3
96_aug_1084.jpg,16,28,21,35,9
96_aug_1084.jpg,28,40,21,35,6
62_aug_1599.jpg,14,26,21,34,6
62_aug_1599.jpg,26,38,21,34,2
53_aug_1118.jpg,20,30,23,35,5
53_aug_1118.jpg,30,40,23,35,3
94_aug_1241.jpg,15,28,14,28,9
94_aug_1241.jpg,28,41,14,28,4
94_aug_1306.jpg,14,27,18,32,9
94_aug_1306.jpg,26,39,18,32,4
94_aug_1318.jpg,9,21,16,28,9
94_aug_1318.jpg,21,33,16,28,4
510_aug_244.jpg,11,21,21,34,5
510_aug_244.jpg,21,31,21,34,10
94_aug_1487.jpg,17,29,17,30,9
94_aug_1487.jpg,28,40,17,30,4
94_aug_1835.jpg,14,26,13,26,9
94_aug_1835.jpg,26,38,13,26,4
94_aug_23.jpg,10,23,15,28,9
94_aug_23.jpg,23,36,15,28,4
93_aug_238.jpg,7,19,18,32,9
93_aug_238.jpg,20,32,18,32,3
25_aug_1575.jpg,17,27,17,32,2
25_aug_1575.jpg,27,37,17,32,5
32_aug_802.jpg,16,29,16,30,3
32_aug_802.jpg,28,41,16,30,2
96_aug_551.jpg,11,24,21,34,9
96_aug_551.jpg,23,36,21,34,6
36_aug_1650.jpg,14,26,19,31,3
36_aug_1650.jpg,26,38,19,31,6
16_aug_1094.jpg,17,26,20,33,1
16_aug_1094.jpg,26,35,20,33,6
16_aug_971.jpg,13,22,21,34,1
16_aug_971.jpg,22,31,21,34,6
95_aug_140.jpg,9,22,14,28,9
95_aug_140.jpg,21,33,14,28,5
85_aug_1124.jpg,6,19,21,33,8
85_aug_1124.jpg,19,31,21,33,5
29_aug_1962.jpg,12,23,22,37,2
29_aug_1962.jpg,24,35,22,37,9
102_aug_729.jpg,12,23,14,27,10
102_aug_729.jpg,23,34,14,27,2
75_aug_1952.jpg,15,26,13,27,7
75_aug_1952.jpg,26,37,13,27,5
106_aug_740.jpg,14,27,21,36,10
106_aug_740.jpg,27,40,21,36,6
105_aug_1552.jpg,10,22,15,30,10
105_aug_1552.jpg,22,33,15,30,5
7_aug_786.jpg,18,28,23,37,7
8_aug_1423.jpg,23,34,20,34,8
2_aug_701.jpg,19,30,18,31,2
49_aug_1102.jpg,10,23,13,27,4
49_aug_1102.jpg,23,36,13,27,9
63_aug_1932.jpg,10,21,13,26,6
63_aug_1932.jpg,22,33,13,26,3
61_aug_318.jpg,10,21,15,28,6
61_aug_318.jpg,22,33,15,28,1
93_aug_864.jpg,14,26,20,33,9
93_aug_864.jpg,26,38,20,33,3
91_aug_1796.jpg,14,25,19,32,9
91_aug_1796.jpg,24,35,19,32,1
910_aug_1308.jpg,17,28,14,26,9
910_aug_1308.jpg,28,39,14,26,10
96_aug_130.jpg,14,26,14,27,9
96_aug_130.jpg,26,38,14,27,6
96_aug_1310.jpg,16,28,19,33,9
96_aug_1310.jpg,28,40,19,33,6
96_aug_1488.jpg,15,26,14,27,9
96_aug_1488.jpg,26,37,14,27,6
29_aug_1985.jpg,14,24,14,29,2
29_aug_1985.jpg,24,34,14,29,9
96_aug_1597.jpg,9,20,17,29,9
96_aug_1597.jpg,20,31,17,29,6
13_aug_1326.jpg,11,20,22,34,1
13_aug_1326.jpg,22,31,22,34,3
46_aug_1176.jpg,14,25,20,33,4
46_aug_1176.jpg,25,36,20,33,6
18_aug_1955.jpg,15,24,15,28,1
18_aug_1955.jpg,25,34,15,28,8
24_aug_1918.jpg,9,21,20,35,2
24_aug_1918.jpg,22,34,20,35,4
28_aug_562.jpg,15,27,22,35,2
28_aug_562.jpg,28,40,22,35,8
64_aug_1479.jpg,15,26,16,29,6
64_aug_1479.jpg,27,38,16,29,4
97_aug_1215.jpg,10,22,17,30,9
97_aug_1215.jpg,22,34,17,30,7
97_aug_1541.jpg,10,22,20,34,9
97_aug_1541.jpg,22,34,20,34,7
510_aug_525.jpg,13,22,19,31,5
510_aug_525.jpg,22,31,19,31,10
97_aug_1668.jpg,12,24,14,26,9
97_aug_1668.jpg,24,36,14,26,7
97_aug_1728.jpg,10,21,19,31,9
97_aug_1728.jpg,21,32,19,31,7
97_aug_192.jpg,11,24,14,28,9
97_aug_192.jpg,25,38,14,28,7
510_aug_1805.jpg,15,24,22,34,5
510_aug_1805.jpg,24,33,22,34,10
94_aug_1943.jpg,9,21,18,32,9
94_aug_1943.jpg,21,33,18,32,4
45_aug_968.jpg,17,28,15,29,4
45_aug_968.jpg,28,39,15,29,5
97_aug_894.jpg,11,22,16,29,9
97_aug_894.jpg,23,34,16,29,7
9_aug_1725.jpg,15,27,16,30,9
510_aug_1447.jpg,13,22,16,28,5
510_aug_1447.jpg,22,31,16,28,10
21_aug_550.jpg,16,27,19,32,2
21_aug_550.jpg,27,38,19,32,1
59_aug_1880.jpg,17,27,20,33,5
59_aug_1880.jpg,27,37,20,33,9
23_aug_1026.jpg,17,28,19,32,2
23_aug_1026.jpg,29,40,19,32,3
57_aug_22.jpg,17,27,19,31,5
57_aug_22.jpg,27,37,19,31,7
106_aug_1231.jpg,10,23,20,35,10
106_aug_1231.jpg,23,36,20,35,6
84_aug_1451.jpg,8,19,16,29,8
84_aug_1451.jpg,19,30,16,29,4
35_aug_1797.jpg,11,24,19,33,3
35_aug_1797.jpg,23,35,19,33,5
98_aug_1798.jpg,9,22,22,34,9
98_aug_1798.jpg,22,35,22,34,8
31_aug_123.jpg,10,22,13,25,3
31_aug_123.jpg,21,33,13,25,1
23_aug_1167.jpg,17,27,22,35,2
23_aug_1167.jpg,28,38,22,35,3
98_aug_680.jpg,11,22,20,34,9
98_aug_680.jpg,22,33,20,34,8
78_aug_1321.jpg,14,26,20,35,7
78_aug_1321.jpg,27,39,20,35,8
98_aug_828.jpg,11,22,22,35,9
98_aug_828.jpg,22,33,22,35,8
55_aug_1841.jpg,16,26,19,32,5
55_aug_1841.jpg,26,35,19,32,5
93_aug_1068.jpg,8,19,22,36,9
93_aug_1068.jpg,19,30,22,36,3
106_aug_1925.jpg,15,26,22,37,10
106_aug_1925.jpg,26,37,22,37,6
8_aug_595.jpg,16,28,21,35,8
99_aug_1152.jpg,9,20,17,30,9
99_aug_1152.jpg,20,31,17,30,9
14_aug_206.jpg,19,29,14,27,1
14_aug_206.jpg,30,40,14,27,4
99_aug_1400.jpg,6,19,17,31,9
99_aug_1400.jpg,19,32,17,31,9
99_aug_1588.jpg,9,22,21,34,9
99_aug_1588.jpg,22,35,21,34,9
99_aug_160.jpg,9,21,21,34,9
99_aug_160.jpg,21,33,21,34,9
9_aug_695.jpg,16,29,14,26,9
52_aug_1651.jpg,19,30,22,34,5
52_aug_1651.jpg,30,41,22,34,2
99_aug_1864.jpg,9,21,17,31,9
99_aug_1864.jpg,22,34,17,31,9
31_aug_578.jpg,11,22,13,27,3
31_aug_578.jpg,22,33,13,27,1
310_aug_1553.jpg,8,20,20,33,3
310_aug_1553.jpg,20,32,20,33,10
35_aug_1484.jpg,14,27,21,35,3
35_aug_1484.jpg,26,38,21,35,5
9_aug_613.jpg,21,33,17,29,9
1_aug_191.jpg,23,33,15,27,1
9_aug_1113.jpg,23,35,16,30,9
9_aug_1179.jpg,23,34,17,30,9
94_aug_610.jpg,15,28,18,32,9
94_aug_610.jpg,28,41,18,32,4
72_aug_153.jpg,15,26,15,30,7
72_aug_153.jpg,25,36,15,30,2
9_aug_1478.jpg,20,33,18,30,9
9_aug_1617.jpg,20,32,23,35,9
86_aug_490.jpg,12,24,16,30,8
86_aug_490.jpg,24,36,16,30,6
9_aug_1737.jpg,15,26,13,26,9
32_aug_1558.jpg,7,19,21,34,3
32_aug_1558.jpg,19,31,21,34,2
53_aug_600.jpg,20,29,19,32,5
53_aug_600.jpg,29,38,19,32,3
9_aug_504.jpg,15,26,18,31,9
52_aug_1066.jpg,19,29,21,34,5
52_aug_1066.jpg,29,39,21,34,2
72_aug_1687.jpg,17,28,16,29,7
72_aug_1687.jpg,28,39,16,29,2
410_aug_572.jpg,15,28,23,35,4
410_aug_572.jpg,28,41,23,35,10
9_aug_683.jpg,14,27,20,34,9
7_aug_451.jpg,20,31,21,35,7
9_aug_712.jpg,22,35,15,28,9
49_aug_411.jpg,8,19,19,31,4
49_aug_411.jpg,20,31,19,31,9
109_aug_1311.jpg,13,26,16,30,10
109_aug_1311.jpg,26,39,16,30,9
9_aug_988.jpg,20,32,14,27,9
